SNR17A_chr15_780120_780277	SNR17A	chr15	780120	780277	GTATGTAATATACCCCAAACATTTTACCCACAAAAAACCAGGATTTGAAAACTATAGCATCTAAAAGTCTTAGGTACTAGAGTTTTCATTTCGGAGCAGGCTTTTTGAAAAATTTAATTCAACCATTGCAGCAGCTTTTGACTAACACATTCTACAG
SNR17B_chr16_281502_281372	SNR17B	chr16	281502	281372	GTATGTTTTATACCATATACTTTATTAGGAATATAACAAAGCATACCCAATAATTAGGCAATGCGATTGTCGTATTCAACAACCATCTTCTATTTCACCAGCTTCAGGTTTTGACTAACACATTCAACAG
YAL001C_chr1_151097_151007	YAL001C	chr1	151097	151007	GTATGTTCATGTCTCATTCTCCTTTTCGGCTCCGTTTAGGTGATAAACGTACTATATTGTGAAAGATTATTTACTAACGACACATTGAAG
YAL003W_chr1_142255_142621	YAL003W	chr1	142255	142621	GTATGTTCCGATTTAGTTTACTTTATAGATCGTTGTTTTTCTTTCTTTTTTTTTTTTCCTATGGTTACATGTAAAGGGAAGTTAACTAATAATGATTACTTTTTTTCGCTTATGTGAATGATGAATTTAATTCTTTGGTCCGTGTTTATGATGGGAAGTAAGACCCCCGATATGAGTGACAAAAGAGATGTGGTTGACTATCACAGTATCTGACGATAGCACAGAGCAGAGTATCATTATTAGTTATCTGTTATTTTTTTTTCCTTTTTTGTTCAAAAAAAGAAAGACAGAGTCTAAAGATTGCATTACAAGAAAAAAGTTCTCATTACTAACAAGCAAAATGTTTTGTTTCTCCTTTTAAAATAG
YAL030W_chr1_87389_87502	YAL030W	chr1	87389	87502	GTAAGTACAGAAAGCCACAGAGTACCATCTAGGAAATTAACATTATACTAACTTTCTACATCGTTGATACTTATGCGTATACATTCATATACGTTCTTCGTGTTTATTTTTAG
YBL018C_chr2_186389_186314	YBL018C	chr2	186389	186314	GTATGTATATTTTTGACTTTTTGAGTCTCAACTACCGAAGAGAAATAAACTACTAACGTACTTTAATATTTATAG
YBL026W_chr2_170638_170766	YBL026W	chr2	170638	170766	GTATGTTCATAATGATTTACATCGGAATTCCCTTTGATACAAGAAAACTAACGGGTATCGTACATCAATTTTTGAAAAAAGTCAAGTACTAACGTTTGTTTACCCCTGTTTATTGTGTTTCCACTCAG
YBL027W_chr2_168386_168770	YBL027W	chr2	168386	168770	GTATGTTTAACAGTGATACTAAATTTTGAACCTTTCACAAGATTTATCTTTAAATATGTTATGAATGTCATCCTTTGGAGAGAAATAGATAAGGAAAAAAATTGAGGATACAGCATCCGGTGGTCGCATAGTTGGTAGCAACATCCATAGAAGAACCTCAGATAAATTTCAAGCTTGTACGAATTGCCGCGTTTATTACAAACTATAGAATTATCGCAGCAATGGTACGTGTCTGTTCCTGCAAGCGTTAATTCGATTGATAGATAAAGTAATTCATTAACCTTTGCGAATATGCTCTTTACTGTTAGGTTTCAGGATTTTAAAAATGAAGCAACTTTACTAACATCAATATGCAAATAAATCTGCAAAAACTTTTTTTCACAG
YBL040C_chr2_142808_142711	YBL040C	chr2	142808	142711	GTATGTTACTATTTGGAGTTTCATGAGGCTTTTCCCGCCGTAGATCGAACCCAATCTTACTAACAGAGAAAGGGCTTTTTCCCGACCATCAAGACAG
YBL050W_chr2_125116_125232	YBL050W	chr2	125116	125232	GTATGTAGTAGGGAAATATATCAAAGGAACAAAATGAAAGCTATGTGATTCCGTAATTTACGAAGGCAAATTACTAACATTGAAATACGGGAATTGATATTTCCCGTTGTGTTAAG
YBL059C-A_chr2_110466_110381	YBL059C-A	chr2	110466	110381	GTAAGTATCCAGATTTTACTTCATATATTTGCCTTTTTCTGTGCTCCGACTTACTAACATTGTATTCTCCCCTTCTTCATTTTAG
YBL059W_chr2_110840_110909	YBL059W	chr2	110840	110909	GTATGCATAGGCAATAACTTCGGCCTCATACTCAAAGAACACGTTTACTAACATAACTTATTTACATAG
YBL072C_chr2_89435_89127	YBL072C	chr2	89435	89127	GTATGTGCTATGGTCATATGAGTAATGGAACTACATATTATTTTGAATGCTACAGGACCTCTCTTTGAATGGAATAGATAGTGGAAAAAGTAAACTTAACTAAAAGGGATGATATAAATTGTGACAGGAGCAGTGCACTAAACTGAATCCTTTGTGTACCCCAAAAATCAAGCCTCTTATGAAACGCCGAGTTTTTCACAAGAAGAGATGAAAAGAAACCAAAGCATATTTCAAGATAAGAAAAAAATTCCGCAACTTTTGTACGTTCTTTATTTTACTAACAAGCGTCATTAAATTTTCTATTACAG
YBL087C_chr2_60690_60186	YBL087C	chr2	60690	60186	GTATGTTAAAATTTTTATTTTCCACAATGCAATTTGGTTAAATTGATCATAAAGTAAAGTTCCAAGATTTCATTTTGCTGGGTACAACAGAATTAAACAGAGGTTTAAAAGACGCTAAACACTAAGTGTGAAGCCTGATCATATACCTATCGGTGTTATTTTCCATAAGAATGGTAGATGTGCCATCACTGGTACCGCCCCGCCAAAGATGCAATTACACACATAAATTCAGTTTTTAAATGGTTAAGCGGGCTGTATTTGCAGATGAAGTGATACCTGTCAATATTCATGGACTCAAAAATTTCTGGTTTCAAAATCATACACGGCAAGCATATCCTAACTCCCTCTTTTGCCCATACTAATGGATAACCATCGAAATGTTATTTCTACAAAAATCACGCTTAACTCTATTTTTCAAGATTAACCACATCTGCTAACTTTCTCCCTATGCTTTTACTAACAAAATTATTCTCACTCCCCGATATTGAGATCTTTTTTAACTAG
YBL091C-A_chr2_47140_47052	YBL091C-A	chr2	47140	47052	GTATGTTTGACGAGAATTGCTAGTGTGCGGGAAACTTTGCTACCTTTTTTGGTGCGATGCAACAGGTTACTAATATGTAATACTTCAG
YBL092W_chr2_45638_45971	YBL092W	chr2	45638	45971	GTATGTGACATATAGAATGCTAGAATGAATAGCCTAGACTGCATTGTTATGAGAGCAACGTTTGATATTTGTGGCGATTGGAACAAACATAGTACATGCCAAAATGAGATGAAATGTCCAATTTGAACTGATTAACATACACGCGCAAGCTCGTATTTGTTTACTGGTACACCTAGAGTTAGCCGATCAAAGAGACAGTGGCAGATATATGGGAAAATTTTCTCCGGAAGATTGCATGCGAGAGTCTCATAACCAGTCATTTCCCAAGATACAATTCTCGGAGCTGTTATACTAACAAACTTTTAATTTTCATTTTTTTTTTTTTTTGATTAG
YBR048W_chr2_332834_333345	YBR048W	chr2	332834	333345	GTATGAAAGAATTATAACCTGAATGAGGTAATCAATGAAATATTCAGTACGGAAAGGAAAATTGCTCGAGGTAATATTATAATTTTAATGGGAATTTCCAGATTTATCAACATAAACGTTAGCAAGCGCAGTACCATCAAGTAAAAGTTTACTGGTGAAAAGCAGGACCTCGAATGATTGAGATTTCGTTACACAGTACGAGTAAAATATAAATTATTTCAAGAAGAAGAGAACTTTTGATCTGAAAATGAAAATGTAACCACGGAGAAATGTTGAGAATACATAAATAACCATGAGGCCAAAACACCTTAATATGAAGTATAACTTTTACTGTGCTCAATGACTATTTCACCCGACTAATGCCAAGTAAGGAGGATCTCCATCATACGGAACAATTTTCCAACCGCCACGACACAGTTAACGATTTCCTTTTCGCCTAAAAATAGTAGGAATGAAGTTCATGATTATATTTTAGATCAACCGGTTTACTAACATGCTATTTTTCATACAG
YBR062C_chr2_366544_366462	YBR062C	chr2	366544	366462	GTATGTAATGATATATTATGAAGTAAGTTCCCCAAAGCCAATTAACTAACCGAATTTTAATCTGCACTCATCATTAGATTAG
YBR078W_chr2_393137_393467	YBR078W	chr2	393137	393467	GTATGTACACATTCTCCTTTTTTTTCATCTTTTTTTCTTTATTTGCCTCTTTCCTCACAAATCTCGAGTAGATTCGTGGTCCTCTTCATTCTTTTCTTTTTTCTTTGTCGATTACTGGGCTTTTTTTCATAGGTCTCGATTGACGCGGACGGACAATGCGAAAAAAAAAAATTTCCAAAAGAGGAAACGGGTTTCGAGATCTCGTGAGGATGGTTTTGGAATATTCTTCAATATTTCTGCCTGTCATAGGATTAGGGCGAGTAATGAAACAGAATAATACATGTATAAATCGATCGGGAATACTAACACTACTTTTCTTTATCTAAGCAG
YBR082C_chr2_407078_406983	YBR082C	chr2	407078	406983	GTATGTCTAAAGTTATGGCCACGTTTCAAATGCGTGCTTTTTTTTTAAAACTTATGCTCTTATTTACTAACAAAATCAACATGCTATTGAACTAG
YBR084C-A_chr2_415215_414709	YBR084C-A	chr2	415215	414709	GTATGTGATGCAGTGAATAATGAATCTATGAAAGTTTATCAGGAATAAGATAGAATTGTTATAATAACTCCCTCTTGAGGAATGCGAGTTTGATGAGTTATCACCTGAAACACCAGCGTTATTGAAAAGTGATATGGGTAATATATGCCAAGAACGATACTGTGTTCCATTTGCATCATGAATATGCTAGTGAAGCCAGATGTTTCTATAATCGGAGTTTTAGCACTAAAAGGCAAAAGAGGAAACTTGTGGAAGAATTTTTTTTCTGTGCAGTTTACCATTAAGATATTTATAGCGATAAGTGAGACCATTAATATGAGTATTCAATACGAGAACCAGTTACGTGATAAAAGTTACTCGAGCTGCTGCAGTATCCAGCATACATAATAACCATGTCATTTTTCTATAGCGAGTTTTAAAGTGTCTACCACCGCAATTTCTATCTTTCGACGCGAATAGACTTTTTCCTTCTTACAGAACGATAATAACTAACATGACTTTAACAG
YBR101C_chr2_443789_443661	YBR101C	chr2	443789	443661	GTATGTATTATGATTACGTCCGTAGAAATAAAATGATATTACATTCACCATTTCATATTATCTTTAACCGGAATCTCGAACATTTATTATTAACACTGTTTTATTTTATTACGAATATTTATCAATAG
YBR111W-A_chr2_462164_462244	YBR111W-A	chr2	462164	462244	GTATGATAAAATATTATAGGGGTTGTCTTTTTTAAAAAATCTACTTTACTGACTATTCAGATCACCGTCACATTTATTAG
YBR111W-A_chr2_462384_462454	YBR111W-A	chr2	462384	462454	GTATGTGAATATTTTATCACTAAATTTATTGAAAAGAGAACGTTACTAACAGTGGAATTTTTTTTTCTAG
YBR119W_chr2_479300_479389	YBR119W	chr2	479300	479389	GTATGTATATACCTTGTAATTTACGTTTCCTTAAATCTTCTTTCTACTAACGTTTTCATTATTCTATACTCTATGACCAATAAAAACAG
YBR181C_chr2_592723_592371	YBR181C	chr2	592723	592371	GTATGTAATATCACCCAAATCCTTAGAATTCTAATGAATCAGCACGCGCTAACCGGCTGTTTCTGACTGTTTGATAAACGTATACCCACAAATTAGTGCACTATAATAAAAATTCTCAAGAACAACGTTGTTTAAACGAGATAATTCCCTCTAATATACACGTACCGACACTTAGGAAAATATCTCGCTAAGTTCAAATTAAGGAATGAAAAAGGAATTTACGAAAAGGGTTTAGAAATATCAATGAAAATAAGAAAAACCTGTAACGGAAGAAAGGACAGCAGGGATTCGTTGGAATTTGTCGATATTGGCTTCGGACAACTTTACTAACAAATGGTATTATTTATAACAG
YBR186W_chr2_602058_602171	YBR186W	chr2	602058	602171	GTATGTTTTTTTCTTTTATTCTACTTTTACGATTCTTTTTCTTTCTTTCCTTCTTCATAAAAAAGCACTTTCACTAACTGTCTTTGTCAAACATAAATATGCGATCAATATAG
YBR189W_chr2_604469_604882	YBR189W	chr2	604469	604882	GTACGTATTAGACTATATCGAAGAGGAGGGAAATTCTTCACTCTGACTCGTTGATTTTGAAAGAGGTTCGGGTCCTCATAAATATTTGAGAATATGAAATTCCATAATAGTATACCTTCATTGAGTAGCACGACAACAGCCTGAATTACTATCCATATTATGAATATCTTTATTTACACTGAACTCCCGACACTTCAGTTAAACAGGGATACATTAGAGATCAAGGTGATCTAATAGGGAACATCTCTCTCGTAACAATGGGACAGTATTTTATTTTCCAAGGCGGATACCTAATTATGCGTTTTTAATCATATCTCTACAATATTTATGAGCACTTACTTGGGCCCTTGCAGACTTTTGTTCCGGGAAAACTTTTGACTAACAAGAATCCAATTTTACTTTTTTTTTTTTAG
YBR191W_chr2_606235_606623	YBR191W	chr2	606235	606623	GTATGTCATTTAATCCTATGAATCTACAGCACGAACGAATCATGGTATCTCAAACCGAACATATCGTCACAGAAATAAAAAGATTTAAAGACGTGTCTAGTGTGAATAAAGCAAACATATCATTAGAGCAAAATATTGGGCAGATAAGATGATGCTACACTGATTCTGAGAAAATTACGTGACATGATAGGCTTTTAACGGGCTGTAAGTCATTAGTTTACAGTCGTTGCTTTGAAAATTAGTTCAACATTAGAAGTGTAGTAATTACAAGCCCTTTTTCCAAACATTCGGTTATGTGCTGGGACGCATCTCAGAAACTCGCAAAACAATAGAATACTAACATGATTTCTTATAAATCTTAATTTTGATTTATTTCCTTATAATACAG
YBR215W_chr2_653323_653407	YBR215W	chr2	653323	653407	GTATGTTCTGGCTTTATTTTCAATTATCCGCCCTTCGTTAGGGGTGTTTTAGATCATTTTGATTAACAATTCTATTTATGATAG
YBR220C_chr2_662957_662536	YBR220C	chr2	662957	662536	GTACGTAACGACCCCTCAAACAAGAATTGTACGACATTACGTTCAAGAAAATTTTAACGAGTATCGTAATATTTACAAGATCTTTTTATGTACTACAGGAAGCAGAAACAAAATGAGTATCAATACCAGTGTAAATCTGTTAATGAGAATCATCACATTATCCCAGTTTTTTCCATGCAAGGGAAAAATATACTATACGACATTTCTATACTTTAATTATCAATTAAGGTCATCTTTCTGTACGAAAACTAACCACGATTGTCACTAACGACGTGTCCCTTACCCGACGCAGCTGCTGATAGCGTACCGCACAGGCACAGCCAGCTCTTCTGTGATTGGCAGAGAGGGGTCCTTCCTGCGGAAGACGCCGCAAAGGCACATATGACTAACCTTTTTTTTTTCGCAATTAATTTTCTAATAG
YBR255C-A_chr2_726966_726872	YBR255C-A	chr2	726966	726872	GTATGTAAAATTCAAGAATATATCTGGCCCTGTCTTGTTCACCCCAGAATAAATCGCTAACACAAGTCTAATTAACCTTCTTTCTCATTCGTAG
YBR230C_chr2_679994_679897	YBR230C	chr2	679994	679897	GTATGTACACTAATATCTGAAACGTATCGCCTAATCTTTTCTCCCGGTTCTCTTTTGACTAACGTATATCATCTATGACCATCTTTCTTTTCCCCAG
YCL002C_chr3_111628_111552	YCL002C	chr3	111628	111552	GTATGCATAATTGAAGGAGAAAGTATACATGAAAGGTTTGACTAACTAAGGGAGAAAACTTCCATTTCTTACATAG
YCL005W-A_chr3_107029_107106	YCL005W-A	chr3	107029	107106	GTATGTGTCATAATCTCTTCTCTCCGCTTCCCTTTTCTTCCTTCTTCTTCTACTAACTCTCTGCGCGTCCAATTTAG
YCL005W-A_chr3_107187_107283	YCL005W-A	chr3	107187	107283	GTATGTGCAACATTTTTTTTACGATGTGTCTCCATATTACTAGTTTCCCTTTCTTTTTTACTAACAAGAGTTTGTTTGTTTTGTTTTGTCGTACAG
YCR028C-A_chr3_173190_173107	YCR028C-A	chr3	173190	173107	GTATGTTATTTATTCTTCAATTTTACTTACTTTACAATTACGCGTTATAATTTACTAACATTTCCTTTCCATAATTTATTCAG
YCR031C_chr3_178205_177898	YCR031C	chr3	178205	177898	GTATGTTTAATCACATAGTGAACATTTTTAAAGCATCTCTATTTTCCATTGATTGTTGTTGAATGTTTCTGACGACGTGCAAGATACATTGAAAGTCAGAAACATAAAGACAATTCAACGAATTCATTGCCTCCAAAGTAATTCATAGCGATTAGTTGAGCCTATTGTGTCAATGGCAGTATATTTTGTCAACTTTTTTTTCGATGGAAAAGCAAAGATACTATGTAAGAATTAAAAAAAAAAACTTTTGGATACTAACAACATTACGTTTGATATCGTCCGATATCGATTTACTATTTCCATTTAG
YCR097W_chr3_294232_294284	YCR097W	chr3	294232	294284	GTATGTAATATGAGAATCAAACTTAAATATATCCTATACTAACAATTTGTAG
YCR097W_chr3_293932_293986	YCR097W	chr3	293932	293986	GTATGTTTTCATTTCAAGGATAGCCTTTGAATCAATTTACTAACAATACTTCAG
YDL012C_chr4_431468_431382	YDL012C	chr4	431468	431382	GTACGTTAATTTTACAAGTTTTGCCTTTAGAAGATCACATCGTACTAACGAGCCCTTGTATTTTCATTACATCACTTTCGATTCAG
YDL029W_chr4_399357_399480	YDL029W	chr4	399357	399480	GTATGTTGTTGATATTTTTAGTGTTTGTGGAGGCAATTGAGCTCGGTGCCCCTTTTGGCTTTGCCTCTTTTGCATTTTAGTTCTTTTACCCCTATATTATTAATACTAACCATCTCGATATAG
YDL061C_chr4_341218_340809	YDL061C	chr4	341218	340809	GTATGTGGAAACGCGGATTGAAGAGACAAGGGACGTGTATGCAGAATGAAGGAACAGCAGGAAAGTATCTGCGCTGATTTGGATTTGTAACTAAAATTTACAACTAAAAGAATTGAAAATTCGAGGAAAATATCTGTGGCTAGCAGTAGGGGGGAGCCTTTCTGGTGGCCCCATGGTGGAATAAGACGATGTGTTTATTGAATGTAGCAACAAGCATCAAACATCAACAAAGCTTCAAATTATGTCAAATACAATGAGCCATAGCATAAGCTTATATTTATTTCCTTTTAACTTCGATAGTCGAAAAATTCTATTGTACACGTCCATGGAACTCCTGGAAAACATAAAAACTGCAAAAATTATAATACTAACATTTTTCTATTCAATTTTGAAAACTTATTGGTTATAG
YDL064W_chr4_337523_337633	YDL064W	chr4	337523	337633	GTAAGTAGTAGTTTTCCTCCTTTTATGCTTACATTCTGTAGGCATACACAATTTCATCCAGCGGTATACTAACAAATCGATGAACTTAACTTGTTTTACTTGAATAACAG
YDL075W_chr4_322281_322702	YDL075W	chr4	322281	322702	GTATGTGAAAGAATAAAAATATAATGCCCAAGGGCTTGTCATCTGAATGGTTAATTAAGAAGATATTTCTATAGTCAAGGAATACAATATCAAGAATTTGTACCACAGAAACCTATCAACAAAGATCATTGATCAAGATATATTTTATAATACGGAATTTGAAGACCATAATCAATATTATAACATCCAAGAGGGGAAAGATACACTTCGGCTGGACTTAAAGAGCGATGAAGACAGAAATAGTTATCTTAAATAGTGGAATCCTAGATTTTAAGTCGACAATTATCCATATCCCAAGTTTGACTAAATATGAATCAGAACAAATTGGGTCTCCAATATACAAAACCATTCATCAAGATTACACTAATATTAAAATGAACAATCGTTACTAACAAAAAATTTACCATTTTATTTTTAATAG
YDL079C_chr4_314335_314043	YDL079C	chr4	314335	314043	GTATGTATAATTATTTTTTATTTTTTTTTTTTATGTTCTTGCCAGTGGAGGAATGTTTCTTTCGTCACAACCGGAGTGAATAGTGGAACTACTGTCAGTTCATAGTATCGCGACACAAAAAAAAATAATTAAAAGAAAAAAAAAGAGAGTGTAAAATAAAGATTTATGAAATTGCATCCCTAATCTTAGAAACTTGCTTACGAAATATCAGGAAGCATAGCGGAACATTTTTCCATATTACATCAACTACCATTTTTTATGGGAATCACATTATATACTAACATAGGTTTAG
YDL082W_chr4_308426_308791	YDL082W	chr4	308426	308791	GTATGTCTACTATAAAATAATTCAAATCACTTTTGTCATTTCATAGACCAAAGAAGCTCGCTTGTTACCTTAGAGGATTATACTAGTGCACAAAGGCATGCATAATACAACACACGTTATTGATGAACCTAGAGAGGCTAAAGTTATTTTCTAATAAATCATGAGATTTTTCTCCTTTTTACAATAACTGAGCAGTCATAGTAATGGCCAAGCAAATTCGAGACAGGACCTTTGTACCACTATTTGCTGAACTCATTGTTAGAGTCTTCTTAGATAATATGATAAATTTGGTGTCTAATTGAAACGTCCACTTTTCTGTATACTAACAATTTTTAAAATGGGATCTACCAATTGAATTATATCAG
YDL083C_chr4_307764_307332	YDL083C	chr4	307764	307332	GTATGTTAAATAATTTAAACGATGTCACGAATTTGTGAGGGATATTGAAACCATGCAGTGAGATAATTTCAATTTAAGAACCATATCACCTGAATAAGACGGGTGGGGCAAGCACTAGATGCGAATCATAGTTTTAGAACAACGGATCACCATTTCACACGTTAAAGACCGAGTAGAAATAACCAATAAATTGTGTGGGAAAATATTATACTTAATTTCTCTGTGGAGTAAAGTAATGAGCGTCTTTTGCGGTCTTATTTATTCATTCGCTCCCCTTGCAATGAATTTTGAACAGAATGCTCCAAAGAGGAAGTGCCAGGGTACCTCACTTGTTTCACCCTTTTACACAGTTCATAATATTTTTGAGGATTTTGAATTTCTGTTTTACTAACATGTGACACGAAATGTTTTTCATTTTTGGTTTTATAACAG
YDL108W_chr4_267724_267805	YDL108W	chr4	267724	267805	GTATGTGGGGGTTATATATTGTCGTCTTTCTTTTAACATTCAATAATGATACTAACGTTGATTAATGATGATTCATCGCAG
YDL115C_chr4_255043_254973	YDL115C	chr4	255043	254973	GTATGTGTTGTTATTCTACCGATATAACAAAAATGCGTTTGACTAACTAAGTTCATCTGGGACAATTCAG
YDL125C_chr4_239508_239397	YDL125C	chr4	239508	239397	GTATGTCACATTACTAATAAAGAGCTTACACTCACACCAATGATGGCGATAGTCTCTATGTAGTACATATACATAAAGCAGAATACTAACAATCGATCCGCTATGCAACAG
YDL130W_chr4_230019_230320	YDL130W	chr4	230019	230320	GTATGTACAAAAATGCAACCTAAAACGACTTTGTGTGACTACGAAGAGAAAGATTAGACAACAATCGTCCCGAGAAATGCGCAATTTTGAATAATGGGGGACAGAAAAATTCCATGTAACGTTTCCCTCTAACATGATGAGATACTAGGGGGCAATACATGTAGAAATATTTCTCCATTAACGTATTTAACGGAAAGCACAAGTCAGGATCGAATTACTTCTTCAAGGATCTCATTTTACTAACAAACTCAACGAATAACGACTCTTCCTATGGAGCTTGTTATATGTATCATTGAATTAG
YDL136W_chr4_217602_218007	YDL136W	chr4	217602	218007	GTATGTAGAGATGAATATACATGAAACGGACGTGATATAATGTGCTATGGAAGAAAAAAGTCTCCTTTAATGTCTGCAGGATAAATAATCAAGTGGTCTGAAGAAAATTTACAGCTACAGTATTACTGCAAACCTTGCAGGCAAATATCAGAGAGATCTCACCAGCTACAACTTGGTAACAGAAATTTATAAGTTTATGGCACTTGTTAAAATTGTTTGGAAGTTTTCGAAATTATAATATTGGTCTTCAGAAACCTGGAACCACATGTGAACTATTTTTTTTGGATAATGCATTGCACAGAGCGTATTAGTGTATACGAGAATCTAAAAATTTGAAACTGGCTCATAAAAACAGGAACTTTTACTAACAGTTATGATTTTTTGTTCCCATTTTCTTATCAATAG
YDL137W_chr4_216157_216489	YDL137W	chr4	216157	216489	GTATGTAACGAGTTTCATTAGGAGGGATAGACGCACGACACTATCTGGTACTACGTGTTATATCATACCCAGAAGGAAGGACTCTCTCCACTGAACGGTGGGATGAGTTCCTAAAGGCGCCCCTTTATTTGATCAGGAAGCCGTATTGATTATCTAATAGGGCCTAGTTATCCTAATTGTGGGGAGTCGAGCAGTACGGCTCTGATGTTTTTCGAACGAAGATAAGGAGTTGACATACAAAGTCAACAGAAGTTCTTCTTGTTAGCGTCTCTGTGCTCAATATCTCTCTTTTTTTCTTTAAGTAGTAATTACTAACATCAGCCAACCAATAG
YDL189W_chr4_122078_122177	YDL189W	chr4	122078	122177	GTATGTTGAAACGTGCATCTTATAATGGGCGCACGATTTATTTTATTTTAATTAATTTTTTAGTTATTTCGTATCGTACTAACAACTAAGATATTCAAG
YDL191W_chr4_117667_118158	YDL191W	chr4	117667	118158	GTATGTTTGAGATGAACAAAATAATAAAGACTGACAACTGCAGAACAGAGAGGATCATAGCAACCTAGTGCAAGAAAGAGCCTCGAAGCGTTAAACTTTTGGAACGTAATTCATCCGTTGGCTATGTCTATTCAATACAGTTAGAATACGAAAGCTGTAATCAAGTATATCGGATTATTCGCAAGCAAAGAATCAAGGAAAAGAAAGTGAAAATAGCATACATCTTTAAATTCAGAGGTTTTGCTGAATTTTAATAGGGAAGTTTACGTTATGATTGTTGGCCGTAGATCGCCTAGCGTTTGACCAAATTTAATTCTCCTAATTTTTTTATTGTAAAAAAGCCTTCCAACGAAATAAATTAGTTATTGGTTTTTTTTCTCTGTTACGAGGGATATATGATGCCTGTGCTTGTTAGTTCATTATAAGTGCTAATAAAATACTAACGTTAATAAAAATTTGGAATATTATTTCATTTTTTATCCTATTAATAG
YDL219W_chr4_65307_65378	YDL219W	chr4	65307	65378	GTATGTTACCGGTTTTTTCAGCTTCGTTAGTGCACCAATTTTTTTTACTAACACCTCTATCTATGTGACAG
YDR005C_chr4_458093_458013	YDR005C	chr4	458093	458013	GTATGTTATCACTCTAAAACTGCCATGCTCTTTATTCGAAATTACTAACATTGTACCTGAACCCTCCTTTTCTTCCTTAG
YDR025W_chr4_491554_491893	YDR025W	chr4	491554	491893	GTATGAATTTAGCGATAATGTCTCAAGGGATTTAAAGAAATTTTACCTAAAGTAACTTTGCTGATATATATCGTCTGAGGAATTGTTTAGAATAGATGAAAACTTAGCAGGTATCCTATTGAATTCTTAGCATGTTTATTGTTACGACTAATAGAATTTGCCAGTCAAAATTTACAATATTTGCGTTAATTAACTACAAAACCGGCGGTGCCGAAGGCTTGATAAAGGTAGCACATTTTTATACTGATTCATTACGTTTACGATAGTTGATTGGGTAAAATTTCTTTTTATTTCACTTATGCGAATAACTTACTAACCTTTGTATCATCCTTTTTTTAG
YDR059C_chr4_569718_569628	YDR059C	chr4	569718	569628	GTATGTTAAAAATAAAATGAATGATTTTTCTTGATCTGTAAAGAAAAAGGATTACTAACATGAGTTTCTTTTTTGAACTTTTTTCCGAAG
YDR064W_chr4_579473_580012	YDR064W	chr4	579473	580012	GTATGTTTATTAACACCATAGCGAGATATTAATGCAAAAGTTGCATTGAATAGTTCGCTAAATCAGATGACACTCTAATGTGGAATTCAAAAGTGGATTTCTAATATAATTTGTCTCTGTCGGATCACAATTCTATTACAAGTTCCGGTGTGTACACAGGTATAGTTTATACTGGAGAGTAGTTTCTACTCGCTGTACATTAGCTGGGTGATTCCAATTTCTTTTACAAATATGTTGCATTAGTTTAACAGGTTATACTATCTGCCGTTTCTCAGTATAATTTACGCCGGAAAATTACTGATGGCTAGCCGCCTTTATGAATTAGTTTTCACAAAGCTCATAACATAACACGTTAACCTATCGGAGGAGAACCAAGATTGAAGAATCACCCGGAATAGTTATACTTTAATGGAATTGTATGGTCTGAACGAGGAAATATGTCATGATACACTTTTCTTCAAGCCATATGAATCTTCATGTTACTAACATTCGATAAATTTTTTGGAATATCCAATTCCACTAAATATTACTTTAAACAG
YDR092W_chr4_629898_630166	YDR092W	chr4	629898	630166	GTATGTTCAAACAAGAGCAGTGGATTATATACGAAATCTGAAGTGACGTTTTCGTCTGAGCCGTCACACTCTACACTGTTTCCTCTTGATAATGGCTAGAACTTACATACTAACGCAAAACTTCCAAAACAAGAAGGCTTTTTTTGTCCAGTTTGTAGCAGCGTTCCGCCTTCCCTTTGTCCATATCCGCAAACGCTCATATGGAGGGAATTCAACAGAACAAACTACTAGGGCAGAAAACGCAAAGTCTTTGTGAACTTTCATATAG
YDR099W_chr4_652773_653516	YDR099W	chr4	652773	653516	GTATGTTTTACCTCTCAATAACTTGTTTCATTAATAGCTCCTTCCACAACCACCTTCATCTTCTCTGATTTGAATTATTACCGACATGAATGTTACTCTCCTGAAAATGTTAATTATATCAACTTAACAGGCCTTGAAAGTGAAGTGTTATAGTTTCTCTTCCTTTGTTTTTCCCACTTTCTTTTTTTTATATATATCTTATATTGGTTTAAGCACAGCGGATTGCTTTCTTCTAATACAAGAACTAGAACATAGGTCCACCCGTGTGATGTTGCATTCTGAAATGTTTAGTTATCTCTGTCAGAACAGCGAGGTAACACTTATTTTTGTTACGACCAATCCGTAATTCAAGCGTGGGTATTCATATGACCAGAGATAATAATACAGCGAATACTATTGAAATCGTCCCTTTTTTGTTTAGGAAGAACGGACAAATCGGTCGTCTGCTCGAAATGATTAGTAGTGTGTCACCCGGATCAGCAAAATGACACACACGAAATACGAGGAAAAAGTCGGTCGAAAGGGGCAAATGTTATTATAAGTCCCTCCAGTAGTCTTTTTTTTTTCAAATATTCATCATCAAAGGTTACGAAATCTTTTGAGCTATCTTAAACATTCGTTCTTTTTATCAAATTTCAATTACTAACTTATTTTTTCAAAAAAAATTGCCTCTCCCGGTTTTTAATCATTATTTTTTTCGATTGATTAAGGGGGAAAAGCAAAGAACGAGAAAACTTGGACAG
YDR129C_chr4_715351_715240	YDR129C	chr4	715351	715240	GTATGTATGCCTTTCTCGAATTCCCACACTGCTGAGCACAGTGAAAAAGTTTTTTCTACCTTTTAGGTTGTAATAAACGTTTCATATACTAACAAACTCTTCTGCGATTAG
YDR139C_chr4_733768_733695	YDR139C	chr4	733768	733695	GTATGTTCATTCAGTGGTTAATTATCTTTTAAGTTTATTTACGTTTTTGAGACCTTACTAACGACCAGGATAG
YDR305C_chr4_1073392_1073303	YDR305C	chr4	1073392	1073303	GTATGCACTCTCATATGTTTTTTTGTACCCCATTCGCACCATTGCGTTACTAACTATATGGAGACCTTATAATCTCTGCTTCTTTACAG
YDR318W_chr4_1103801_1103884	YDR318W	chr4	1103801	1103884	GTATGTGATTTTGAGGCTGTAACAATTTTCTTTCTTTTAAAAAAATGATTAAGTTGAACACTAACATAGTAGAATCTTCACAG
YDR367W_chr4_1212865_1212966	YDR367W	chr4	1212865	1212966	GTATGTTTCCGGCAAACGCTATAAATTTTTGTTAACTTGTAAGGATTCGAAGCAAAGCACAATTTTACTAACCTGTTCTCAAACATATTTTTTTTTCATAG
YDR381C-A_chr4_1238812_1238618	YDR381C-A	chr4	1238812	1238618	GTATGTGTAAAAGAAATAGGGAAACATCTATTCGTAAAGCCTAAACTAACATTGGATATCTTTTTCTATTTCCCGGACTTCTTTTTTGGTTATTTCCTTATTGGCCTATCCCTTGAAGCAGAGTTTGATTGCACCATATATATAACCAAAGTGAAGACGAAAGTAGGAAAACACTACCAATGCGATTTCAACAG
YDR381W_chr4_1236830_1237596	YDR381W	chr4	1236830	1237596	GTATGTTAATACGTGAAATGAGAGCTATTTGTTTAGTTACTCGCATCGTCTCGTGTGGATACGAGAAATATTCTTTGTAAGGAAGGATATGGCACACGCTTTTGATCAAGAATTCTCTTTTTAGAGATGAAGAAAGAGTCCGAAATACTTCGCTAGAGAAAATACAAAAAGAGTATCGTTTTCATAAGCCAACCATACCAATTTTTTTCAATACTTCAAATCATGGCCTATAAGGTTGGAATTACCAGCTACCACTGAGAATGGGTTTGTTCTTATTGGCTGGGTTAACTCAAATCAATCTGACTATCTGCTAATCTGTCAATCTTACATTTTTAAGCTGGCGTATTGTGTCGCCTCGACCGTGATAGTTAGTTCCTATTTTTAATAAGCGTATCATCCAATACTGAAGTTGTGGAAGGATCAATTAATTTTGTATCCTTTCAAGAGGGAGTAGCTTTCAGTTTCGAATGGCACCATTTTCAAAAAATAGCTATGGGAAACATGTCTTTCATGAACGTTCGAAAAGATATGAGTGCATCGCTTCATTTTTTTATTATGATAGTTACAAAAATATTTGATTTGAGACACCTAATGAAACCAAAGAGGAACTCACCCATCGTGGTACATGTTTATTTGAGGGTTTATTTTTCCTACGCAATGGTATACTTTTAATACTCTCAACTCCTTGATTGTTTGTGTATTGTCCCTTCCTTCTTTGATTTTATATCATAGAGATATATGACTAACTTTTTTTTTTTTATTATAG
YDR397C_chr4_1266849_1266757	YDR397C	chr4	1266849	1266757	GTATGTTAGTTATATTGTTGTTGCAAAACTCAAGCTTTGATGCGGGTACTGAGCGGTTATACTAACTTAGAGAAAACACTGAATGATCTTAG
YDR424C_chr4_1319685_1319605	YDR424C	chr4	1319685	1319605	GTATGTAATTGTGCCATGATATACATGTTTTGTGTGTGTACATTTGAATATATATATTTACTAACAAGGAGAAAACTTAG
YDR424C_chr4_1319804_1319708	YDR424C	chr4	1319804	1319708	GTATGTCAGTTAATCTCAGTCACAATTTTGTGACTTTCAATACAATTTTTCTTTACTAACTCGAGGAAGAGTGAGGTTTTCTTCCATGAATTGCAG
YDR447C_chr4_1355538_1355224	YDR447C	chr4	1355538	1355224	GTACGTACCACGAGATGTTGATGAAGCCGGATATGATGGACTGGGCGCTGAACACATGAAATGAGGGCAAGGTTTGCAGAGAGATTGAAAGCGTTATGGGAACGAGGGGACCAGCAGGGCATTCTTATTTATGAGCAGATTAGAAAACTCCATTACTGATTAGTTTAGAAGAGCGCTCAATGAAGTAGTAGATATTTAAAAGATCACCAAATAACCAATTGCTTTCGAATGGCACATTCTATCTTATCCAATGGTCTTGAAGAGAGGTATTTACTAACTTAAGTTGTCTCATTTGATTATTGCTATTTTTATAG
YDR450W_chr4_1359957_1360392	YDR450W	chr4	1359957	1360392	GTATGTTTATTATTACTAGTGAGCTATGACAAAATCGGCTAAAAACTTAAAAATATGACAGACAAGAAAGGAAATTCATTCACCTCTTTAATCGTGGCGATTATTCGCTAACGACGTGATTAAATATAATAATGATGTTCCCGGGCTGGACTAAGAACGTAATAATAAGGCTGATGAACAAATTTATGGTTTATGCATCAAAAAGGAACATGAATTTGGCATAAGCGCACATAATTACGGAACATTGCAATAGCGGTCGGAGGTAAAGTACCGGGAATGCTTTACAATGAATCAGCTATTGGCGGATATTGACCAACCAACACTAAAATTTTATATCCTGCTCCGATTTTTGTCTTGGCCGTGAAATCCATTATGCACATTTTTTACTAACGTTTATCAATAAGTTCGGTTTCCCGTCTAAATTTTTTTACGCAG
YDR471W_chr4_1401788_1402172	YDR471W	chr4	1401788	1402172	GTACGTAAATTTAACAGAGCAAACGCTCTAATTAAGATATCGAATAAAAGGGGACTTTCAGGTGCATAAGATGGGAAATTGTACAATCTGAGGGACAAACAATATGGAAAGCAGTACATGATTGTATTGTCATTGTAGGAGGTACCAATTGTGCCAGTAAAAAAGAGAGGGCCCGGGGAGCACCACATTCACGACCAATCGTGTCGATCTGCAAAAAAGGCACATGGAAAATGTAATTTATCAGTGTTCAACACTGAGTTGAACAGATAGCTATCTAATCAATGTTAACTTTCCAGGGAACAAAAAGCTAAATCCACTTCTCTTTTATTTCAAAATATCATTAGAAATAGAAAAATTTACTAACAAATTTTCGTATTATCGTAG
YDR500C_chr4_1450834_1450445	YDR500C	chr4	1450834	1450445	GTATGTACAGGAATTATTAATTGATGAGTCAACGTTCAATCACATCCGGTCTGATTTAGAGGATTACATGAGAAAGAAGCACTGAAAAAATTTTCCACCAGGAGAGGCCAGGTAAACTAAGACCTACGTTATTCACTATGCCAAAAGATTTAAAAATATAGAATGATGAATGTTGCCAGAGCCATTGATGATAAGAAATTGCACATAACGGATGCATAAAGAGCGAATAAAAAGATTTGAGTGTCAATACAAAAAGGTGAGAAGAAATAGTGTAAGACAGCAACACACATCTAGACCGCCAATGAAGTTGTTCTGAATCCAGCAGTAGAGTTTATTTAGTTCAAAGTTTTACTAACGATAATTAACTTTTATGTTTTCATTTTAAACAG
YEL003W_chr5_148193_148281	YEL003W	chr5	148193	148281	GTATGCAAAATTTCGATCTCTGGGTTTTAATAAATGCATGTAGCCAATTTTATCTTACTAACAATCTTTGTGTTTTCTCTGTGTATAG
YEL012W_chr5_131776_131899	YEL012W	chr5	131776	131899	GTATGTTTGATAAGATATATACGTATATTTATATATCACTCTTCTGAGAAAGTATGCCATAGAATGAGGATCACTAACAAAGAAAATGTCAATGAACTTCAAAGATATCGTTTAATGAAACAG
YER003C_chr5_159086_158993	YER003C	chr5	159086	158993	GTATGTGCCATTTTTCGTCAAATATTTTGAATACTTTGAGTATTTTTTTTTTTTTTTTTTGGTACACTAACTAACGCGTACGACTCTATGTAG
YER007C-A_chr5_166873_166770	YER007C-A	chr5	166873	166770	GTATGTCTAACATGAGAATGAATATTGCGTAATTCACTGGTTTTACCAGGGGTTAGTGTACACTTTTGACTCAGTAAGCAATTACTAACATCATCATCGATAG
YER044C-A_chr5_239710_239622	YER044C-A	chr5	239710	239622	GTACGTGAAATTGTCACATCCTTAACCTATTTTCTCTTTACTAACTTTTAGTAAGAGGTGTAATCTCCTCGAATATTATCTATGACAG
YER056C-A_chr5_270146_269749	YER056C-A	chr5	270146	269749	GTATGTTAAAGGCACACTTATAAATTACGAGAAATTCTGACGAGATGATGATTATTCAACTAAAAAAGAGCAAGAGAGGAGAGGATACCATGTCAGGGGTCCTAGTATAGTTATCAAAAGCAATTTACCCCGTTTTTGTAATCCACTATCAATAACTTATTCTGCGCGAAATATTGTGTCCAGAAATAATACAATATTAGTAGCAATGAGAAGAAAAACGATAGTTAATAAGAGCAGCCACTTTTAACCCTGATACTGACTAGAGCTAATAATCTCAATCTGTGTTACGAAAATTTCTTTTAAAGTTTTCTCGAACTCCTTCCTATTGAAACATTTCGTACTAACATATTTTTCAAATGAGAAAGTATACCAACTTTCTGAAAACATTTTCAAATAG
YER074W_chr5_306321_306787	YER074W	chr5	306321	306787	GTATGTTAAAAAGTGCTCAGATGAAAGATGACGTCCCATATTCCATGTTAAAGTTGCCATGAGTTAGTATAAAAGGCAATAAAGGTACCATAACGAGAAAAGAAAGTAAAAGAAGAAATGTTTTGCAAATTTAAGGTGGCGTAACAGCAACTATTGGCTAATATATTAATGGCAATCATTGTGAAAAGAAATGTGAAATCCGTATCGTAATTGGTTAAATTTATAACTCAAATTTAAACACTCGAATAGCTGACCCGTAATATTTTATCCCGCTTTAAGAGTTCAACGCTAAAAAATGATATCTAGCTAACCATTATGCTACAGGAACCTTTTTTGGACTATTATCCCTATCATGAAAACTGGAAGGATCTTTCAAGGACGCCATTTCCAAAGATTTCCCCCACACTGGAACCTATTTTACTAACAATTTTTAAAATGGTTTTTTACCTAAATTGTTTTTTCTCAG
YER074W-A_chr5_307952_308063	YER074W-A	chr5	307952	308063	GTATGTTATGTTGATGGAGAACGGTTAAAGTTACATTTCATCAGTTTTTTCCCGTTCTTTTTCACCTTTTGTGAGAAAATTTTACTAACGTTTCGTATATTATTCTTGTAG
YER074W-A_chr5_307742_307844	YER074W-A	chr5	307742	307844	GTATGTAAACAGGAGAGGCAACCATAAACAACTTATTTTAAAGCAACAATTAATACTAACTTTATTGAATATGCTAATACATTATTTCACCGATTTTTGCAG
YER093C-A_chr5_348272_348197	YER093C-A	chr5	348272	348197	GTATGTATTTTGTCCTAGTTCAGTGGCCAAAACTAATAATAGGATATAGTTACTAACACCGTCTACTGAAAGCAG
YER102W_chr5_362728_363088	YER102W	chr5	362728	363088	GTATGTTCTGATACCCAGCAAATGAGAAAGTAGAAGGAGAAACCTAAAAACCTGTGGCGGTCAAGACTGCTAGCAAGATGGATATTTAGATCATAAATTCTAACGCATGCATCCTGAGCAATGAAATCATGCAACCTAACATTTGAGGTTAATATATGAGAATTAACTAGCGTTGAGGAGGTACTGCAATTTAAAAGACCGAAGAATTATCGATGCAAGGAAAAATGGGTCTAGGATGAATACGAGCAATTGAAATACATTTGGAATACCTTGTGAAAATATCACATACTTTCGCCTTCTATCTCGATGCGTTATTACAAGAAAATAGTTTTACTAACAAATTAACAAAAATTAAAATAG
YER117W_chr5_396806_397277	YER117W	chr5	396806	397277	GTATGTTAAAACCGAAACAAGTGGAAATACCCATTTAAATCACACAAGATGTCGTCAATCAACAAATAAAAAAGTATATTCCCGAGACTGAATGTTACAATTGAGACAAGCAATGTTCAAGAAATGTGGGAGTCTATCAATGAATATAGTGGATAGCCAAAATGGAAGATGCCAAATTTATCCTTAATGGCTTCTCCATGCCTACATCCAGATAGCGAAATCTACTTCTGGGCCTTAAAGCGTTAAATGGATGCCTTTCCAACTGATTACTGAGAAGGTTACTTTTGTTAAGACTATTGGAAGTTCTATGCGGAATATACAAACTCCAAAAATGTCCAATTGTTGTAAGATCATTTATGTCCAAGAAATATATTTGTGTTGATGGTTCCATTCTTGCCAAGATAGGATTGATTTACTAACAGATTAATTGTGTGCTCATTTTTATGTGTCACTTACATTTTTTTTAAATAG
YER131W_chr5_423586_423947	YER131W	chr5	423586	423947	GTATGTTATAAGAGCGAATAATGTGATAAAGGAGCAAAGTGGAAGGAAAGAATTATAAAGAATGACGTTGCCGTAAAGCCAATTTTTCAACCAACAAAATTGCAATAGTTTCAAGCAAATTATGGTGTGTCCGGGATTGGCGGTAGTAAATTGTAAAACAATAGCTGGTCAATAGTTGATATTCATACCGACACTATAATCCACAAAAGATGGGTGACATTGATGGCTGAAATGGTAGAGGCAAGAAAATTTTTTAAAGCAATAAGGCATAGACGTTTCTATTAATCCTTTGTTTTATTCAGTATTTTCGATATTTCCTCTTTACTAACTTCAATTTACTGAATTTGTATGTAATTTTTAG
YER133W_chr5_432667_433192	YER133W	chr5	432667	433192	GTATGTTAATGTTGAACTTCGCAGTCAAGAGATAGAATGCCTAGAGCTTCAGGTGTTTTATGTGTTCTACTCCTGTTGCGGCAGTAAGATAGTTACAGCAGTTATTTCCGTTTGACTGAAAGAATTTACCAAGCATCTGATGTTAGCCTACTCATATGTCGAGATAGCCGAGATAATGTGTGTGTTTAGCTCTTCATTTTTCTATCTTATTAGGCATTTTTTTACCAAGATTTCCTTATGTTTTGTATCATCATCCGGCCGGCGCCTCCCATATTCAGAAAAATCCCCCTTGCTCACACTAAAAAAAGAAGGCATTTTTTCGTTATGAAGAAAACGAATCTTTTTTTTTTTTGAGCCCGAGAGAAAGGTCGGACGAAAACCAAGAAATGTGGATTTGCAGAAGGCATTGGGAGAAATGAAGCGTTTTTGACAGCAGTAATTGTTCTCTTAAAGTCAACGGAATGAGCTAGATTTAGTGACAAATTCATTTACTAACTTATTTTTTTCTATTTTTTTTTTTTTTAG
YER167W_chr5_517846_517924	YER167W	chr5	517846	517924	GTATGTTTTTGACTAGGTGAGAGACTATATTTATCAAAAATAGTTTTTTATACTAACAGAAAGTTTATTATATCATAG
YER179W_chr5_548547_548639	YER179W	chr5	548547	548639	GTATGTTATAATAACATTTTTAAAACCTCTGCTGTAGAGGTTCTTTCCCCCTTTCTTTTACTAACTAATAATTTGGAAAGGAACTTTTATAG
YFL034C-A_chr6_64919_64598	YFL034C-A	chr6	64919	64598	GTACGTTAATTTTCGTTCCTATGTCACAATTAGAGAACATGAAAGAAAATAAAATCTTTAAAAAGTTTGTCTATTCCTACAGTTCATTGAACAGTCCCGCTTTCACAGCGAACTAGTGGATTCCATCTCGAAGTTACATTTTTATGTATTCAGCTATTCTGTATTTTAAAAATTCACCCCTTATAGCTTTAACAGAGGCAATGCGCTTTCTCTAGCTATATGAAGTGATTGTTAATAGCAGTAGGCCAGACATTTTTTCCTCGTCCAAACGACAAGGATGATTTCATCTCAGTTGGGATTACTAACATAAAACTGTAACAG
YFL034C-B_chr6_63972_63858	YFL034C-B	chr6	63972	63858	GTATGTTCACACTGTTGTCGTTTTATTTTCTTCTGGACCTGCGTTATCATTTTACTAACTAGCCAACACACCTAATCAAATCATTTGATCCTACGTGTATACTTTGCAAAACAG
YFL039C_chr6_54685_54377	YFL039C	chr6	54685	54377	GTATGTTCTAGCGCTTGCACCATCCCATTTAACTGTAAGAAGAATTGCACGGTCCCAATTGCTCGAGAGATTTCTCTTTTACCTTTTTTTACTATTTTTCACTCTCCCATAACCTCCTATATTGACTGATCTGTAATAACCACGATATTATTGGAATAAATAGGGGCTTGAAATTTGGAAAAAAAAAAAAACTGAAATATTTTCGTGATAAGTGATAGTGATATTCTTCTTTTATTTGCTACTGTTACTAAGTCTCATGTACTAACATCGATTGCTTCATTCTTTTTGTTGCTATATTATATGTTTAG
YFR024C-A_chr6_203374_203256	YFR024C-A	chr6	203374	203256	GTATGTTTTATACGGGTTTGGCTGGGAAACCTTTAAAAAAGTTCTCCCTTAATTTGTTCATCATTTACTAACTAGTAATAAACAATTAATAAAGAAAAGCAGCGAAGATTTTGGCTAG
YFR031C-A_chr6_221402_221255	YFR031C-A	chr6	221402	221255	GTATGTCAGCACCGTGATTTAACAACCATGTGATTGTCGTAATGGCGCAATGTCATCACACCCTTTTACAGTCTTTTTATTCCTTTTGTTGAAAATGTATCGTGTATACTAACAGAACTGTGTTTTTTCTCATTATTTTTTATTCAG
YFR032C-A_chr6_223759_223428	YFR032C-A	chr6	223759	223428	GTACGTTATATTATCATGAAGTCCCCATTTCGCCCATTGGAAATGCAGGTAGCCAAATCTGAGGTGCGCTGAGTGGCATATAGTGGAGGATATAAAGAAAAAAAGAGAGAAGGGAAAATAATGGAAAGTTACCAGTGTTTGAACTTATAGCGAACGCTCTTTCTCGAACGTTCAATTACCTTTAGCATACCCTTGTTCGAAGTTGCCCCCGCTAGCACCACTTCAGATTGGCAGTTAGCTGCCACGCTACTCCCCTCCACCGTTATGAATCATTTTTACTAACCTTTAATGACCATTCGCAATTTCTGCGTACATTCATCGTCTTCTCCAG
YFR045W_chr6_241997_242069	YFR045W	chr6	241997	242069	GTAAGTAGTAAACTGTTTCGTTCCAAGACGCTAATGCTATTTTATTAACGCTCTCTTTTTTCTCGTTTGCAG
YGL030W_chr7_439096_439326	YGL030W	chr7	439096	439326	GTCAGTATAACATGATTTTATAACTATTTCGCTTTATTCTTTCATGGGATTAGCAAGAAGGCTTGGAATACAAACATGAATTTTCAAAGTTTATTCCTGCTCTTGTGTTTGAGAGAGTCCGTTCAAAGGATGCTTCTCCATGACTGTGAAATAAAAGTGAGATATGCAAAAACTTTGAATAATCTACTAACAAGTTAATACGTTATTTTTTATCGTTTACATTTCAACAG
YGL031C_chr7_438400_437944	YGL031C	chr7	438400	437944	GTATGTCCCTATATGATGATGATTCATAATTAATGGCGACCGAGGGCAGCGTTGTGCTAGAAAGCAATGTATTAATATATGAGAGAGCTTCAGATAGCCAATACACCGGAATTTAGACTTTGACAGGATTGTGGCTTGTTCCAGTATAACTTATAATATATGTCAACCTTTGAGCAGGAAACCCAATGAAAATGCTTCATTACATATATACGATATGGAGAAGCATGAAAAATAACAGCGTGAGATGTTATCCATGTTGCAAGAACCTAGTAAAATGAATTCTGAATTTGCAAAAAGTCCATATTTCCACGTTCTCCTCTTCCTACAATTTTGCGAACGCCTGAACAACCATGCGGATTACCATTATTTATATTGACAAGATGGCTACCTATGAAAAGCATAGACTTACTAACATTTTTTTTTTCAAATATGTTTGAAAAACGTGGATTAATATAG
YGL033W_chr7_435682_435752	YGL033W	chr7	435682	435752	GTTAAGTATTTTTTTACATGCTCATCAAATACCGCCATTACTAACAATTGTACCCCGGGTATTTTATCAG
YGL063W_chr7_383486_383566	YGL063W	chr7	383486	383566	GTATGTATGAATTGTAGCCCCTTACACACATATGTATATATATCGATGTGAACATAGCATTTATTAACAGTTCTGCTCAG
YGL076C_chr7_365986_365527	YGL076C	chr7	365986	365527	GTATGTATACGAAATCGTCTATTTTATTACTATTTCCTAAAGTATCCAGAGAAGTATACTAGTTTCCGCAAGTTACGTTGAGAAAAAGGAGCAATTCTGCTCTAATAGCATTTGCACTCACACTTACATTTATCTTCAACTTGTGACTATTCACAAGATGATTTTCCGTAGGGGATTACCTTCACAGGGTCAAAGACAATTTTAGTTGATGAATTTGAGGAAAAATTTGAAATATCTTGATTGTTGCCAAAAATTTCATCGCCGACCTTGATTAGAATATTTTCTCAAATTTTCATTTCCTAAGTGTCTCTGTTTCACTCCCTTCATTCGAATGAAAAGTGGTGTTTTCAATTCGATGTAACTTCGTAGAAAAAAGTTTTACTTGATGGTCATACAAACCTAATTCATTCTATTTTCGGTTATGCTAACAAAAATATTTTATTATTTGTATTATTACAG
YGL076C_chr7_365433_364965	YGL076C	chr7	365433	364965	GTATGTTAAACTTTTGCTTACATTTATATTTTATGCTGCAACACATTTTCTTACTGGGATATATGTGAGTTCACGTGCGTCGCCAATTTTGATAAGTATCATTCGAACAGTTGCAATATTCTCAACACCTGTGGTATCATTAGGCTAATGGACTATTTGTTACGTTCTGTTTGTTTTCTCATTTTATGATGAAAATCCATTGTATCCCAATACATATTCGACTAGTCATTGACGATGCTGTCGTAACTTATCACCATCTTTCGACTGATTATAAGAAAAGAAATAGAAAGTAAAATAGACCAGAGAGTTAAGGTATTAAGGTTACAATTATTGCCGTGTTTCCAGTGTCAGAAAAACCATTGAGTGATAATGCCGTGTAACAATTTTTAGCATAAAATACTGTGTTTTCCATCTGGTATTTTTTTACTAACATCAATTTACTGTTTTTTACTTTTTATTTTCATTTAG
YGL087C_chr7_346894_346809	YGL087C	chr7	346894	346809	GTATGTTATTATAAGTTTTGAAAGGGATTTCAACATATACTAACAAATTCTTGAAATGTACCCTCACTGTCCTATTGTAAATCAG
YGL103W_chr7_311016_311527	YGL103W	chr7	311016	311527	GTATGTAGTTCCATTTGGAAGAGGGAATGAAAGAACCAAGACGGTGACTTTTTTTTTAGTGTTGTGCAACCAATATGTCGTGTGTATATCATGGTACAGGAGAATGTCAATCAGCTAAGTGTACTCAACATATTTCTTTGTGTTTTGATTGCGAACTTTGTATTACCATCTCACTGTTGAGACGGCTTATTTGAGGTAATAGCTCGAGTAAATGTACTCTTCCATCGCAAACTGAGCAAAAAGAAAGTGTGCATAGCCTTTGTCATACTTCTCCTTTATTATACCATGATATTCAGAACAGTCATACTGTCTACTCATTTTACGGCTATAAAAGGTAACTTTCATTTAGATTATGGAAAGCACTAATTATCGCTGTATCAAATGGTTGTAGAGAGCGCAATTATGAAAAAGAGTTACCACGTTTCTTTTGTTTCGATAAAATGTCCAGTTGAAAACCTGTTTTACTAACGATTTAAAAATTGTATTTCATTACAATATTTTTTTTGTACAG
YGL137W_chr7_249889_250089	YGL137W	chr7	249889	250089	GTATGTTACCAGAGCGCGTTTTGCCAATGCAATTGCGAACAAGCTCCGACAACTCCTATGATTAGGAAATGATCTCGTTCGCGAAGAATACAAAGCCTGCAAAAAGCAAACATTAAGATTAGTTACTAACAGGAAGATTTTTGAAATAAATGCATTTGCTCTTGGCATTTCCTTTATTTGACACTGTACATTTATGATAG
YGL178W_chr7_167358_167998	YGL178W	chr7	167358	167998	GTATGTATTATCTCTTAATTCCCAATATTTTTCTTCGCCAATGGAGCATAAGCTTTAACGGGATCTTCTAACAACAAATAGCATAATAACCAAAAACCAGCTTCAGTGGGATCAGCCTATCGACACGCCTTTTTTAGCGGTCTAACAATCTCCGTTTATGTCGTATGGAATTTCTGATACTTGACCCTACCTTATTTCTCGAATATGCCTATAAGGATTTTCTCGAAAGAAGGGCTTCGGGAAAGAGGCGCCTCAGGCAAAAATGAGCAAAAAAAAAAAAAAAAAGAAAAGATTCGAAGATCTATGAAAAATTTATGCAGATTCGTTGAGAGTTATAAGGATTTTACTCTTTATGGTTATAGGTTTCATTCTAAAATCAAGCATAAATTTTGTGTTTTGTCTTCCTCTTTTCCTGTCCTCTTTTTTTGCCATCCTCTGTCGCCATTGAAGTCGAACTTTATAGATAGATTTACTCTTGATTCTCACGCATCTCAGGCCACCTGGACACTGTACATGGTTGTGATTGTTCTCTTTCTCAGTTATCGAAATTGATCCTAGGCTTATACTCCAAAATCGGCTCTGCACACGCCTTATTTTTGTGGTTTCACTTTACTAACACAACATTCTTTTATTCAATCAG
YGL183C_chr7_157286_157203	YGL183C	chr7	157286	157203	GTATGTCTAATAAAACCATCATGGTACACAGGACTGAACACTAACTTATAGACGGGTGCGTGCTACCCTCTTCTTATTATTAG
YGL187C_chr7_150529_150187	YGL187C	chr7	150529	150187	GTATGTTATAATCCTCTTATTGAAAAATACATGAGATGTAGGAGAAGAACTACCAGGAAAGAAGATATTTAACAGATCGAACGAAACGGAAAAGAACTAAGAGAAAACAAATCTGGATTTGACTTTAAGAAAAAATTTATTTGCAAGTTTAACTCGTTCCCTGCTTTTCTATTTGGCTTGAGACGATAATTGCATAATTGTCCAAATTGTCCATCATATAATGAAGAATTCGATGCGAAATATTCCCTGTCACTTTCCTTTAGTCAACGTATTCTTCTCCCTGAAGAAACAGTATACTAACAATACTCACCCATTTCGATTTTGATGTTGCCATACAAATAG
YGL189C_chr7_148970_148602	YGL189C	chr7	148970	148602	GTATGTTAACGACACAAAAGTGTGAAAGTAGAGAAGGGAAGAACGATGAGATCTTTGAATTGGGAGAAAGTAATAGTGACAAGATATTATTAAAACATGGCAAATGTAACTTGTTTTCTGAAAGGAAACCAGTTAATCACTAGAAGTGTGCCAATCATGAGTTCACACTAACTAAAGAAAAAGAAGGAAGTCGCCCATCGTATGCAATGTACTTATTATTGAAGAATATTGTACCGAGAAAATTTCAAATGTTACGTAAATATCTCCTTCCCTTTTTGCCACGATCATTTTAAAAAAATTGAGAAGTTACTAACTAATTATTTTAACTCTTTGCAAACCTGCAATACTCGTGATGAATATTTAATTAG
YGL226C-A_chr7_73135_72986	YGL226C-A	chr7	73135	72986	GTACGTTGCCTGTAACGCTGGTTGATGCTATTCTTTTGATGTTTTTAACAACACACAGGACAATGAATAGTTCCCTTCCTGTTTTCTAATTCATAATTACTAACAAGTATAGCCAATTCGCCTTCTCGGCATTTGTGTAATCACTTAAG
YGL232W_chr7_62130_62188	YGL232W	chr7	62130	62188	GTATGTCTGTCTGCACACGAATTAGAGTTCTTTAAGTACTAACGATCAAAAGTAATAG
YGL251C_chr7_31578_31426	YGL251C	chr7	31578	31426	GTAGTAACGAAGCTTAGCAACACCCTTATCAGTTTACACCATATCGGACAACAACAGTATTTTGACTAACATTGTTACCTCTTTCTTTTATTATCTAGCGGAAATGCAACCAAAAGTGGTTTTTCTGGACTAGAATTTCAGAGGACTTATAG
YGR001C_chr7_498001_497939	YGR001C	chr7	498001	497939	GTAAGTACAGGATATTTTCAACACAGTAACGTAGAATTACTAACTAACACGAAACTTAATAG
YGR001C_chr7_497460_497367	YGR001C	chr7	497460	497367	GTATGTATATCATAAACATATCCCTACTCATTTTTTAATCTTTTTTCCAGTATCTTTTCATCTTACTAACTGTTATTCATTGATATAAAATAG
YGR027C_chr7_534786_534474	YGR027C	chr7	534786	534474	GTATGTATCTATAAATTTGAAACCAATATTAGGCGGATAAGATGAAATAGTGACTGGCCAATCCAGGATTTAATATGTCATAAAAGCCTGTTCTACCTTAATGGGATGAATATCCATGTCTCTGTTATATGCTCCATAGCACAGATCTAGCTACCCATGGTACTTTGAGAGAAGGAAACTACGTACTTAGTGGTGATTTACAGTTAAATTCAATCTACAATTCAAGTCATTAGCAAATAGTCTTTATCCCAAATTCTACTAGAGTTCGGTTTTTTACTAACAAGTATGTTTTTACTTTTTACTTTATCATAG
YGR029W_chr7_543639_543722	YGR029W	chr7	543639	543722	GTATGTTGGATTACGCAAAGCAATTCAGGATCTACTGATCCAATCAAGCTTGTGATTTTTTATTAACAAATTCTCTATAATAG
YGR034W_chr7_555831_556308	YGR034W	chr7	555831	556308	GTATGTTTGGAGGATACGAATAACGATAGAAAACATGAGTGAATTTCCGTCCACGAAAAAATGTTAACATAAAATGCAAGAGAACAATTAATCGAATAATGTTAAATTATTGTAAAACAATGTGTATGATGAGGAGGAATGTACCTAAGCCAAAAAAAAAAAAAAAAAAAAAAAAAAAAAAAGAAACAGCTTTTGCATATTCAATCCAGGCATAGGGCGACTATTTAGCACTCAACGATTTTTAAGCTTGTGTATTGCTGACATAAATTCCGGCTTTAGAATCCAATATTGAAAAACGTGAGTACGCAGAGGAGATAGAAGAAAAGTAGGAAGTTACCGTTTATATTGATTTGTGAAATGCATACTCCGTTGGATGTGGGGCAACATAGATTTAAGTGTGGATGAAAATTATGTGCTCATTGTGAAAAAAAAGTTTTGCTTTTACTAACAAATTTTTTTATTATTTGTTTTCAATAG
YGR118W_chr7_727039_727359	YGR118W	chr7	727039	727359	GTATGTTGACTATTTCAAAATTAAAAAAAACTATCAACCCCCTATTGTGATATCGTTTTAGGTGAAGGAAATGTTGTGAGCTCTGGAGTGATAAATTTATCAAGTAACATATCCTGGCGCAAATCAGTTTGGAGAGGCTTAAAATGACACGTCACAGTGATAAAAAGTAATGAATAGTGAACGGTCAGCTTCGGCCATTCTTCCCAATCTATAGTGTGGAAAATAAACCTTTTCTTCCCAAAATAACTCAGAAAGTCACAGGAGGCCGTTTTTTACAACGGAATCATTTTTTTACTAACAGTTTTTTTTTATTATTATAG
YGR148C_chr7_788180_787788	YGR148C	chr7	788180	787788	GTATGTCGCGTGCCCATTAGGAAATGAGAGAATATTGAGGACAACGAGGAGCTTCGCAGTGTAGGAATTGAGAAAGAAGCGACCATTTGAACAATGCTGAGGTTAATAAGAGGCCCACGATAAAGGCGTTATATTAATCAACGTTGAACATCTTCCCAGAAAAGTACATGCGAATAAATCAGGACCGTCGAAAGACGTACGGAACATCATTGGCAAATATACATCGGGATCTGTTGGATATGCTTGTCGTGATGAAATACTGTTCTCGTTGTCGGCTTGATAAATTTTCTCCCATTTAAAACTCTTTGAACCAAAATTGTGTACTAACATCAATTTGTATATAAACCATGAGTGTATTTCACCTTGTGGTTTTTCACAGCTTTTTAATTTAG
YGR183C_chr7_859475_859262	YGR183C	chr7	859475	859262	GTATGTTGGTGTGTGTGTGTGCTGCTTCACATTTCAGGCTAAAAATGTTATCCGTGGAATCTTCCTTAGCCAAGTATCATGGGCTTTGGAAATTAGTTTCCCACCGATGAGCGCAACGACTTAGCGAAGCTTATGAAATTGGTGACAGCAGCTCTATGAATATGTTCCATGCGTTTCCATTCAGGTTACTAACAATGCATAAATTATGAGTAG
YGR214W_chr7_920666_921121	YGR214W	chr7	920666	921121	GTATGTTATACTCATTCCCGATTATATAATAGAGTAATGTGTGATTGAAAACAGTTCGAGTGAAAGAATAGCCACAACCAGGTTTCCCGCCAACCAAACGGAATGCTGGGATAGCATTTTTCAGGCTGAATAAGAAGAGAAATATATGAACAATCATTAAAACAGTTTGAAACTCCAGCTAATTATCAGCGAATATTTTGCCAATAGACTTTCTAATTGTATTATGTTATTAAATTTTAAATCGCTAATGAAAAAAAAAAACAAACCTTTGGTATTAAACCTCTTTCAATGAAATCAATTAATTCCGGTACCTATTCTTCCGACGCTGTTAGCCAACTATAAATGCCATTTTTTCATAGTACATTAATTTGAATCAGTTGATCATTCACAGCATATACCAAGTGTACGTTTTTGAATCTTTTATACTAACTTTTTCTTCTTTAATTTTGTTTCAG
YGR225W_chr7_946327_946420	YGR225W	chr7	946327	946420	GTACGTTATTAAGAGCTTATGCTTTCACATACCCTTTTCTGGTATAGCGCTTATTTTTTCATTATGAAAAATACTAACAAATATTTTCTACAG
YHL001W_chr8_104398_104796	YHL001W	chr8	104398	104796	GTATGTTGAACCTAAAACCCACCGTGGACAAACTGAGGAGGAAATTGTAAGGAAGAGAAAGTCCCCGTATGTTCAGGGACCGCCAACGACTTCCTGATTCATGCCTGAATAGTGAAACATGTTAAACAATGAGTAGATGCTGAAATATGCAATGGGACAGAGGGCCGGAGATGTTTCTATTCTTTTTTTGCATAAACAACAGTGAAATTTCTACATATTTTGTTACTGGCAAACTCCTTCCCTGGCAGTTAATAACTCCCATACTTAAGAAGATAACTTCAGCACATGTAGCCATACCTCCTCAATTGCCAAATAATCTTTTCCTGTTTTCAAAGTATTTCAATTTACTAACAACTTTTATGAATAATTTTTTAAATTATTCGTTATAATTACTATAG
YHR001W-A_chr8_107824_107887	YHR001W-A	chr8	107824	107887	GTAAGTATCCTATCATATTATGTGAGCTAGAACCGAATTAGTATACTAACATTTATAATACAG
YHR010W_chr8_126543_127104	YHR010W	chr8	126543	127104	GTACGTATCATTTTCAGTTTTTGGACATCAACAAAAAACCGTGCAACTGTGGTATTAGAAATCCAAGTTATTAGCAGTTGATGTTGTATAATTTGAGTTTGAATTCGAGTATTGTATCTTCATATGGGAGTAGGGAGGAAAAAGCGTGGAGATGTTAGATCTGGGAAAAAACCTTTAAATTTGAATGATAGCTTATTAATAGAAATATTGGACAAAAAGATGAATGATTTAGGAGCGAAACTAACGATTATTCATATTCATTGAGCTATACGAGGCAGTGGAAGGGTTATCAAAAAGTTGTAATTTAAAAGAAAAAAGCATCAATAGCCACCAAATAAGATGGTGAAAGTTCCGCGATATATTTGCTAAGACCATAGGCACATGTACGCAGGCGACCAGGGCCTTTTATTTACTGTAGTTCTTTCCATGCCCTATTAAAAATTCGTGGGCCTATGATAATTTTTCTCTCCCTAGTATTGAAGAACAAAATTGAGAATTCGCCAAACTTTAAGAAGGGTTCACATTTACTAACTATTTCTTTTCCTTCCTTTTTTTACACAG
YHR012W_chr8_129520_129639	YHR012W	chr8	129520	129639	GTATGTGTTATTCTCCTTTCTTCTCTGGTTAGCTGTAGTGGAACCTATAACGGCCATTGCGCCACAACTTCCTTTAACATTAATACTAACATATTGATAACGACTTCAATTGCAAGTAG
YHR016C_chr8_138399_138231	YHR016C	chr8	138399	138231	GTATGTTCATATATATGCTTCCTGCTGCCCCTCCTCTAAACTTATGGATGCAGCTAAAATGTTCAAGATAGCTCTCTAGTCTGTGTCCATTGCTTATGGGGCATGAGTTTTCAAAAGTAATGTACTAACAACTTTATGATTGATTTATTTCGAATGTTTTAACTACAG
YHR021C_chr8_148657_148107	YHR021C	chr8	148657	148107	GTATGTGAAAGAGATATTAAACATAAGATGTGAAGGAAACAGAAGAGAACAATATTTGAGGAATGAATTCGGATGAAATTCTAGTAGAAGAAAAAAGCCTAAAATAAAAAGAAAGAAAGGAAAATAAAGCAGTAATCAACCTCTGACATTTGATAGGAGTATGCGTTTCCGCAAAATCAACAAATCATGCATTAAACTGGTAACGGAGACTTTAAAGACGTGCAAAGAAAGCAATTAATTTTTAGATAGGGAATTGAAAGGCTCTGTATAGCAGAAAATTTGAGATCTACTGTGGAGATAAGCATATGGTGTTGAGTTATGGGTAATCTAACAATAATAGAAACTTATAGCAGTTGAAGATGGCGGATCATGATGCCGGATACTGCTGGGTAATGATTTATCCTTCTTTTTTTGGAGCACAAATGCTCACTTTTTCCTGTCTCCTCTAACTTTTCTGATGTATCCTACCCAACCCTACAGTTTTCAAATTACTAACATCAATTTTTTTGTGAAACGACTTTCGTTTTCGTTTCTATTTATTTCATTACAG
YHR039C-A_chr8_187667_187505	YHR039C-A	chr8	187667	187505	GTATGTGCCATTACATTACGTGTCAACACTTCTGTCTCTAACAAGCGTTCTTACTAACATGAAAAACTTTTTTAAAACTGTGCTCTCTTGTTGGACTGGTACCTCGTGACAAAGGTATTGGTTTTTTCATTGTTGCTCAGAACTATGTAATATTCTCTTTAG
YHR041C_chr8_189841_189740	YHR041C	chr8	189841	189740	GTATGTAAAGCTGGAGCGTCCTTCGTGGCGCATCGGAATTTCTTCAATTGAACTACCTGTTGCTAACAACAGTTTTTTTTTTCTCTCTTTTATGTATATAG
YHR077C_chr8_255751_255638	YHR077C	chr8	255751	255638	GTATGTTTGATTTATCTTACTGTGGCCAGATCGGCCTTTCAGTACTTCTAAGGTTTTATACTAACTTCTTTTATTGATCGTTGTAAACTACGGTAACAATTATGTATCAACAG
YHR079C-A_chr8_262441_262355	YHR079C-A	chr8	262441	262355	GTATGTAGCTATTTTTTCCAGTCGGCAAAAATCGGTATAACAAACAAAAAATATTTAGTTTCTGTTATTAACAGAACTTGTCAAAG
YHR097C_chr8_298486_298362	YHR097C	chr8	298486	298362	GTATGTGTAGCTCCACTCCCAAAATTGCACTACAGTGTAACTAACAGTCATGACTACTTCAGAATACTAACTTAACTCTTTTTCTCCTTTCAAAATCGATTGAGATAATCCATAATTATTGCAG
YHR101C_chr8_315860_315773	YHR101C	chr8	315860	315773	GTATGTAGAACAAGAAACATTAATCTTTAGTAACTTTCATTTTTCTTACTAACTAGATGTTATACACATATTTGTACTTTTGGATAG
YHR123W_chr8_354866_354957	YHR123W	chr8	354866	354957	GTATGTGAAGCGTCCATTGGCTGCCTTTAAAGTGCAGAAGTCAGAAGCATTGTTACTAACTTTCAACAATTTTTATTCCTTTTCATGATAG
YHR141C_chr8_382748_382307	YHR141C	chr8	382748	382307	GTATGTGGACGATTAGGAATAGACAAACCATGTTATTTATCTCCATTAGGGCGTGAGAGTGTAATTAGTACACAGGTACTACTAGAATGCTAAAGAACTTTTTAAAATATCCTGAATCGTAGGGCAAATCCATGTCAAGCAAGAAACTAATAGTTATTAAACTTCATTTACTTTTGAGCTAGTTAAATATTTTCATCATTTCCTAAAGTACTGAACACCTGAATGATACTTTTATTGGCCCTTTTAATAAGAACTCTGGTTAGAAAATATATTGAGGATATCATTAGTAATACTCATTAGATATTTGTGAATTTAGCCGTTTCCCCATTACAGAAAAAAGATACAACTAATTACATGTGCAGTCAAATTACTTTTTTTTTAAGATCAATTACTAACAATCAACTATCATGCTAAATTTGCTGTGATATCATTTTGAACCAG
YHR199C-A_chr8_498782_498715	YHR199C-A	chr8	498782	498715	GTATGTCACCTCACCGCAACACTCTACCCCCAACCTTCACCCGCACTAATTACTAACACAACCTCAG
YHR203C_chr8_505512_505243	YHR203C	chr8	505512	505243	GTATGTTGATTTCCACCTAAAAAAATGAAGAGTTGGCAAAACAAGATAATAGTTTTCTTTGAAGATGGGTACCCTCTCATGATTGGTACAAGTGATTTGCACCAAAGTGACGATGCGGACTAAAGAAAGAATATAAGAGTTGTGTTTATCTATCTGGAAGATAGAATTCTGATGAGAAACTTTATCCTTGTTAAGTAACAGATAAGCATTGCGGGATATTTTTACTAACAAGAGTACGTTTAATAATGTTAATACGATTTTTCATATAG
YIL004C_chr9_348491_348360	YIL004C	chr9	348491	348360	GTATGAGAAATTATTAGACTATTCTAAAGTTAGAGTAGCGCTTTTTGTTAAACATCTACCATAACACCTCGATATTGGGAGTTATTGACCACGAGTGAACTTCGTTTACTAACTATAGCGTGTGTATATAG
YIL018W_chr9_316769_317169	YIL018W	chr9	316769	317169	GTATGTTTTTATTATATCGCATAATTATGGCAAATGTTATGAAGGATTCCTCTATGACTTAGATGTTTTGAATCGGTACATTTTATTTTCAGTATCCTTCTGCATATTACAAGGCAACATAGCAGCGGACAAGAAAGCTTTTTTGATGTTCGTCTTCGAAACGATTACTATCAGGGTCTTTTAAATGCTATATCGGGACTTATTGAAATTGACATATTACACTTATGAATGACGTTGGCTATCAAAGTATGAGAATAAGCCTTTCCTACTATTTTGTATCATGACAACAGGGTTCTGTCGCTTTGAATGCGGCCTTTTACTTTGCCATATTTTGATAATGAAAAAACTTTCGAGAAATATTTACTAACAGGATCGAGAATTTTTTTCCTCATTTAAACAG
YIL052C_chr9_257024_256552	YIL052C	chr9	257024	256552	GTATGTTACTGAACTATTTTTTTGAGTTTTCATGAAAACTTATTATGAACTTATTATGAACTTATTTTGAACTTTCATTGTGGGAAAATGAGGTTAAAAGGCGAACGAGTGCTATTTAGAGAAGCGTACCACTTAGAAATAGGAAGAACCAGATCATCGATAGGGGAATCAACTATGCAAGAACTTTCAAATATATTGGCATGACATTAAAACATTAGACAGCATGAACGAACAGTATCCAGTAATGTGGACAGCAATAAGTTGACTTCAGTTTCTAAGTGGAAGACCTTGGTCGACCCAAATGGAAAATGAATTTTTCTCCGCTGTTGAAAGATTGAAATGAGATAATATTCATTCAGCAACGCCGAAATACTTTTCATATGGAGCAATCCCACTCAAGTTCTTAAATCATAGGATAATAAAGAAGTGATTACTAACATTAATGGGAAAATTTTCTCTTTACTACGTACAG
YIL069C_chr9_232363_231954	YIL069C	chr9	232363	231954	GTATGTCGAACTTGTACTGAACCAGCAGAAATTGAAACAGACTGCAAGTAAGCTCTATTCCGGTTATAGCATTATGGGTGGCTGTATAAATACAATACAATCACGGGAGAAATTTCCAACAAAAAAGATCTAGTGATACGTTTGGTGCCACAAGTTTAAAATACAAATTGGTTAAAGGACTTTACGGCTAAAACACAAGAATTGCAATAATGCTAATATTTATTCTGTGTATTCCTCAGTAACGTAAGATCAGCGAGAACAAATTCCCAGGGTTGGAAAGAATAAAAAAAAAAGTACTGCTGTAATGTTTCTGGATTATTTTTCTGATTAATTGTTCTGTTTAGATTACTAACGTATTCTGCTAAAAATGACTGGTGAGCTTTGCTTCCATTCATTTTATTTTTTATAG
YIL073C_chr9_225896_225806	YIL073C	chr9	225896	225806	GTATATAACAAAATGCAAAACATACCCTTATTAACTTTTATCTGGACGAGCAATAGCAACTAACAGCTTTATTATTTTAATAATATAAAG
YIL106W_chr9_166431_166516	YIL106W	chr9	166431	166516	GTATGTTGCTATTTTCTTTTCTACTTCAAGTATTATTGTTCATCTTTTATTAACAAACTGGGTATGAGTTACCTTTTGAAAGCAG
YIL111W_chr9_155219_155307	YIL111W	chr9	155219	155307	GCATGTATAACAAACACTGATTTTTGTTTTGAGTTTTAAAAGATATCCATTTACTAACATTCGAGGTGTACAAGCACAAGTTTTGCAG
YIL123W_chr9_127661_128148	YIL123W	chr9	127661	128148	GTAAGTTATTTACCACAATTTTTCTCATACACCTTTACAATCCGTATTGCCATGAATACCAAGGCTTGCTCAGCTTCTGCAGCAGTTCAACCCTTTCCAATACCGCCAATGCGTCCTCAAAACGTTAGTTTAGTCGTGCTCAACCGCTATTTTTGGTTTTATCTTCGTTTCTTTCTCCTGAACGACATTCGTCACGAAAATTGCGGCGGAAAATTTCCTGATGCGGACACTTTTTCCCGATCCGGACATGCCTTTTTTTGGCGTTTCGCGTCAGTCAATAGAAGTTTCAGATCTACATTAGGAAGAACCAGAAAATAGCCATTAATGCTTTCAGCATAGCACAGCATAGCAGCTGTGTATATCTTAAATAAGATGTAGACTGGTTTGCATTTGGAAAGGTTTTGTGTAAGAAAAGCAATACTTGAGGTAAAACAAGAGAAAAAAAAACACTTTACTAACTAATATCCAATCCTTTATTTTTTTGCAG
YIL133C_chr9_99385_99095	YIL133C	chr9	99385	99095	GTACGTAAGATTTTGCACTAATAATTGAATGTGTTTTCCTTTCCCAGCCGCAGGATTTGCTCATAGTGCACAGCGTTTACGAGTCCCCAAGGAATATGATAAAAATATTACAGCCGCAGAAGGGTGGAATACAGAAGGGTCTTCGTAGATTGTGTATACGCTAAAACATGGAGATAGAGAGAGATGGGAATTATGAACGGGAAAAACAGGTTTTATTTAAAGGATAATACTAACAAATCCATTTTTTTGAATGAGCATCCATTCATTCATCAATAATAATCTTCAACCAG
YIL148W_chr9_68715_69149	YIL148W	chr9	68715	69149	GTATGCACCATATCCATTCTAAACATAGTTTTTCGAACGTTCAGAGCTTAAAGGGACAATTATTTTAGAAACTGAATTTTTACCCAGTGGAATAACATCGTATCTGTAAAGTCTACAAAATTTTTTATCCATCAAAAATTAAAACAAAGAAAACTGCCAAACTGAATATGAGGAACTTTCCTCTCTAGGAATGACTTAGTGAATGTACAGTGACTTGTGGAAAATATGATTAGATTTTGAGCGGGTGATGCGACTTAACAGTCTCATTGCCTAAGAAATATCCAAATTTGTGGTTCATGCTCTCCCCCAAGATATGACGATGAGAGCTCGTTTAAAATTTTGTCTTCTTCCGAACAGTTATGAAAAAACTATTACGTGTTTTTATGATATCCTTACTAACTTGTCATTTTTTTATAAAATTATTTTTTTAACAG
YIL156W-A_chr9_47698_47760	YIL156W-A	chr9	47698	47760	GTAAGTACCCAAATGAGCTACTAACAACGCATCCGGTAATACTAACAAGAGAAATTGGTTAG
YJL001W_chr10_434921_435037	YJL001W	chr10	434921	435037	GTATGTATATAAGAATTTTTCCTCCCACTTTATTGTTTCTAAAAGTTCAATGAAGTAAAGTCTCAATTGGCCTTATTACTAACTAATAGGTATCTTATAATCACCTAATAAAATAG
YJL024C_chr10_396266_396189	YJL024C	chr10	396266	396189	GTATGTAAGATTTCTCAAGGGTCTTTTCTTCTGCCAAAATTATACATTACTAACATAATTCATCATTTTTGGTATAG
YJL031C_chr10_387131_387044	YJL031C	chr10	387131	387044	GTATGTGCACTTCAAATGTTCGTTACATTATGAATTCTTTTTTTTACTGACTACCAAGCAATTTTTTATATTTGCCACATTAAACAG
YJL041W_chr10_365480_365598	YJL041W	chr10	365480	365598	GTATGTTTCTTTCCATTGGACGGTTGTCTTCCGATCAAAATTTTATCTCCTATACAATTTCTTCCTATTTACTAACGAAAACCTGCGAACCTGTAAACTACATGATTTTTAATATTAG
YJL130C_chr10_172450_172130	YJL130C	chr10	172450	172130	GTATGTTTTTTATGATTACTTTTGAGAAGCCTTAATGTTGCCATCTATTCAGACCATGCGATGCCAGTCGCAATATCAGTGGGCGCGTATTTTAGTATCTGGGCGTGGAAAATAGAAGCCGTTTGACTCTGCGATGATGTCGTTTTTCATTACCTGGAATAGGAAAGAAAAAAAAGAAAGAAAAAAAAAAGAAAAGAATCGCAATTGATAGAGATCTTCATGGCACGAAAGCAAATCAATCTCTTCAATTAGTTCTGATTTTATATCGGCATCTGGCTTGAACGATCAACAATTACTAACATTAATATTAACGACGATAG
YJL136C_chr10_156947_156487	YJL136C	chr10	156947	156487	GTACGTAAATTATAGCAGATGATGGCGCGCAAAGGAAGAAAGAAGAGGACTGAGTAAGCGTGGACAGACAAGGGAGCATCGACAGAAAAATAAAATTATAATAAGTTAAGTGTGCAAGATTAGTGGTACAAATAGGGTGGGACCAACATGGGTTTATAATCATATTGGTTAGTAATACATCAAATTCAAGAAAATGCAAATAACCCATTTAAATTGGCACAAGTGTTACCTGATACTTTATCATGTGTGGTCTAAGTACACATCTCTAAGAAATGTGGCGTTTTAACGACAAAATTGGAATCCCAAGAGAGATATGCTGAAAAGACATCATAATTCCGAATTAGTGGGTTTCCATATTCCAGAACTACTCTTAGAACTTTTCTTTCATTCATGTGCAGAATAATTTTACAAGAATATAAGCGCAAATGTACTAACATTGAATAATTTCTTTTTTTACTAG
YJL177W_chr10_91091_91408	YJL177W	chr10	91091	91408	GTATGTTTAAAATGAAAATATGAAAAATAAGATTGAAAAATAATAATGATGTGTTGACGGGAGATGATAAAGTATTAGAATATGTTCATATGTGTTGCATCCTATTTTCTGCATGAATGCACGATTCGAAAGAGCTAAAATTAACAGTTTTCCAAATGAAAGAGAAAAGAAATAAAGAAGAAATGGGACATGCAAAAAGGAACTATGGATACCTATTAAGCGTATAGCATAGTGTTTTCTAATCTTATTTTTTCTTACACTACGACTTTAAAATTTTTACTAACAATGAATTACTATTAATTTTCTTTTTAAAACAG
YJL189W_chr10_75937_76323	YJL189W	chr10	75937	76323	GTATGTTAGAAAGATATTATAAATCCCAGTTAGATGCTGAACTGATCAATAGCAAATTATAAACCACATCCATCTAAATGACCTTACCACCTACAATTTGGATTTGAAATAGAAGCAATGTGTAAAATATAGGGAAAGGATTAGGAGTGTTAACCATACTAAAATTTTTCTTATCCGAAACAGAAATCTAAAGTCGCCACTACGCAGATTAAAATATGGTCATAAACTGCTTATTCTGAGAACTTTTGGTGGTCCAGCGTGGTTTATGTCAGGTGGTATTGCCTTGGATCCGTGAATGCATCATATTGATGAGTTTGAACATTGTTACTAACATTTTTTACAATTGTACACTTCGTATGTGCACGATATGTTTCCCTTTTAATTAG
YJL191W_chr10_73795_74203	YJL191W	chr10	73795	74203	GTACGTGAAAGGGGTGATATCCTGTTTAAAACCATTTAGTTATTCTTTTTTTCAGATGGAGACTGTGATCGGGTAGCGCATGATGTTATTATTGGAATTTTATTTTTTTTGCAACTTTGAAGCACTCCTAACTATATTGCAATAGTGTTATGAGATGCTACTTATGTTTGTAAGGCCATGAAATTCTGTAATACGGAGTTAAAATTTCTGCAATAAAGCACTTCAATGCTATTGTGTTATAGAGGCTCTGCGCTCACCCTTAATACTGTATCATCTGTAATAAAGAATGTTTATCTTAAAAGGATTGTAACTAAATGGTTGTTAGATAGTGACTCATTCGTTTATTTTTTAATAATCGAAAAAGCAGAAGTTCTGTTTACTAACAACTATACCTCTTATCATGTATAG
YJL205C-A_chr10_50411_50268	YJL205C-A	chr10	50411	50268	GTATGTTCATTCTTCATACGCTATTCTATTTTTTTTTTTTTCACACTTATTCTTTTACTAACGCATAGTTAACCATTTGCTGTTTCGAAGAGGCAACATCAAACAAGTCGATGTGCTCTTTCCCAAGCTGGTCTCTATTGCAG
YJR021C_chr10_468957_468877	YJR021C	chr10	468957	468877	GTTCGTACCAACACAGTGCATACCCTCAAGTTTTTTATTCATTTTCTTCCAAAACACATTTACTAACAACTGTAGTATAG
YJR094W-A_chr10_608003_608278	YJR094W-A	chr10	608003	608278	GTATGCATATAATAGAGGAATTGGATGACTAAATGTTCTTATATTGGAGTTAGTGGAGATGCGTGGTAGATTTGAATTAAATAGAAAGTGCTGGGGTTGATAAACCACGAAATATCGCAGTTGAGGAGAATGATAAGCCAGGATAGATGGTAGCGCATTTTTGGGGCAATCTCACTGTAGGTCCACCACAACTCAATATGACTACATCGAATCAGTTATAAGGCAAGTTTTTAGTTTACTAACAAATATTTCCATCTTATTTTTTTTTTTTGCAG
YJR145C_chr10_702749_702493	YJR145C	chr10	702749	702493	GTATGTTTGACTATAGACTTTGATTATAATTACGCAAGGATGAGAAGAATGATAGACAAGAAACAAGTGGAGTCTTAACCAAACGAATAGGAACAACAATGAACCAGTTTATGTCCATTTAATTTTAGATCATCCTGGGATTGTACAAATATTTTACGAGTAATGATTTACTAACGAGCACAATGAAAAAAATAAAATGTCTGTATCTTCATTATACATTCATTTTTGCCCTTTTTTCTCATTTTTTTCCGTACAG
YKL002W_chr11_437475_437543	YKL002W	chr11	437475	437543	GTATGTTGTTCTGTATTTGGATCAGTTATTTTAGTGAACATACTAACGTTAATTATTTGAGTTTTTAG
YKL006C-A_chr11_430234_430093	YKL006C-A	chr11	430234	430093	GTATGTAAATCACCGGCAACACGCATAGGTGTTTAGAATGGGACCTAGCTTGCTATATGGATGTTATAAGCTACTAACTATTGCTTCTGTACACCGGATGAGCAGATGTATCATCCCTTCATGTACATGTACTTTAAACAG
YKL006W_chr11_431672_432070	YKL006W	chr11	431672	432070	GTATGTTAAATCCGGAAAACCTATCATCGATTTGAGGAGGGAAATGAACGAGGAATGAGATTTAGGCTACGAAAAAGTGCTGGCAAATATCCAATCCGTTACCATGGATGAAGCTACTTGTAAACGATAAGTAAATGTGAAAATACACATTGCGATAGAGATACAAAAAAGTCTTTATTTCCCTGTTGGAGTGGCCTATAGTGGATTATTTATTTATTTTGCTAGCAGCTTACCTAGTTTCAGAAAGGTGATGACCCATATTTGCGCAGTTAATTCTTAAAGAGCCTGACCATGTTTCCTCAAATATTAAACCATGCCTTCCATCGTTTTGAAAAAATTTCGTTTACTAACAACTTTTATGAATAATTTTTTTAAATTATTTGTTATAATTATTATAG
YKL081W_chr11_282736_283062	YKL081W	chr11	282736	283062	GTATGTTCCATATTTTATTTTAACACTTCCACATACATTGTTTTGCGCGTTTCCCGTTCGTTTATTTGGCACGTCATTTTTCTTCGAAACATAATGATGAAAAAAAATTTTATCAAACAGTTATCCCTGTCTGAATGGGTAATAATAGGTAACCTCTCATATGTTGATATTTGTATTTCTGATATGTTTCTTAAAGAAAAATGAAAGTCAAAATAACAAAAAGGAAGTACAAAGCGTGTCCTAATCCAGGAAAAAATATAAAGGATTGTTTTACTAACATTTCTTCAATTAATGGTTGTATAACCATCGAGATGATGTATATTTAG
YKL156W_chr11_158617_158967	YKL156W	chr11	158617	158967	GTATGTTAGTATCCAATAAATGCAGCGCAACTGGACCAGTGAATAGAACAATACATATAGATAAGTCGCAAAAGAAAAGAATACATGTGGTGGAAAATTTTGCACCAAGAGAGGCAAGAACTATGAAGAAAGACTTTTGAAATATTTCAAGCGGTTGCTACATATAGTGGATAAGATTCAGGATGGACGTATGAGCTTACAGTTCATTGTAGGGGAATATAAAATTCTGATGATGGCGAACTTCATTCCCAGCAACTCAAGCTATTGTTATTTTTCTATTCTGCACCGAGATGAGGAGAAAAAAGGAAGTTTACTAACAGTTAGATTTATTTCTTATTCGTCTACAACAG
YKL157W_chr11_155272_155655	YKL157W	chr11	155272	155655	GTATGTTTACACAAAAGCTTAACAAAGAAACAAGGAAAAGATATACATAATATAAATTACCACTGATTATTTTGAACATGAGACCGAAATACCAGGATGTATTACTAGCCTTGTTTACCATTCTTCAACTGGTGATTACAAAGTGAGTTCTCATTCATTGTTACCCTCATATTCTTATCTTCTGCAGCAGGAAAAAGGGATTTACCCAACTAATTGACTTTGATAGAATTGTGATTGCAATAGCTTAGGTAATATTTCAGTTAGACTACGACATCCAGTTATTTTTTTCTATTTCTCTGCTCGTTACCGACCTTTGAGTTCTTACTAACTTACATTCTCTATTAATTGTACCCAAAAGTACGAAGGACAACTAAAATGACCAG
YKL180W_chr11_109578_109884	YKL180W	chr11	109578	109884	GTATGTCAAGAATATTATATGTTTAGTACCAGATGAAACAAGAATGAGTTGAAATTCAAAATGCGCGGAAAATCCATTATGATCAAGGGAAATTGAATATGATAAATGAATTATTCAGAAAGTCACAATTACCAGATTGGAATGAACTGTCAAGCTGAAAAGCAACTAAGGATTACCATTACGTGTTTATGATTTTGTTAGAAAAATATTGAAAACTTGATATTTCTTTCCGCTAGTTTCATCTTTTTCAATTACTTAACCGGATCAAAATTTTTTTTACTAACAACATAACTATTTTTATTACAG
YKL186C_chr11_93516_93367	YKL186C	chr11	93516	93367	GTATGTATTGCAGAGATTGCCACTACTAACCAAGAAAAGTTGAACGTGTCGTACGTATAAAACGATTTATGCTTAGGCTTTACTGAAAAAAAAAAAGTAAAAAGAGGATGCGCAAACGCATAGAGCAAGTAACTAACCTGTTTTTATAG
YKL186C_chr11_93516_93312	YKL186C	chr11	93516	93312	GTATGTATTGCAGAGATTGCCACTACTAACCAAGAAAAGTTGAACGTGTCGTACGTATAAAACGATTTATGCTTAGGCTTTACTGAAAAAAAAAAAGTAAAAAGAGGATGCGCAAACGCATAGAGCAAGTAACTAACCTGTTTTTATAGTATATACTTGGCCCCACCAGGCTGATCGTCAGGCAAAACGCCAAACTAATAACAG
YKL186C_chr11_93516_93303	YKL186C	chr11	93516	93303	GTATGTATTGCAGAGATTGCCACTACTAACCAAGAAAAGTTGAACGTGTCGTACGTATAAAACGATTTATGCTTAGGCTTTACTGAAAAAAAAAAAGTAAAAAGAGGATGCGCAAACGCATAGAGCAAGTAACTAACCTGTTTTTATAGTATATACTTGGCCCCACCAGGCTGATCGTCAGGCAAAACGCCAAACTAATAACAGTAATAACAG
YKL186C_chr11_93466_93367	YKL186C	chr11	93466	93367	GTACGTATAAAACGATTTATGCTTAGGCTTTACTGAAAAAAAAAAAGTAAAAAGAGGATGCGCAAACGCATAGAGCAAGTAACTAACCTGTTTTTATAG
YKL186C_chr11_93466_93312	YKL186C	chr11	93466	93312	GTACGTATAAAACGATTTATGCTTAGGCTTTACTGAAAAAAAAAAAGTAAAAAGAGGATGCGCAAACGCATAGAGCAAGTAACTAACCTGTTTTTATAGTATATACTTGGCCCCACCAGGCTGATCGTCAGGCAAAACGCCAAACTAATAACAG
YKL186C_chr11_93466_93303	YKL186C	chr11	93466	93303	GTACGTATAAAACGATTTATGCTTAGGCTTTACTGAAAAAAAAAAAGTAAAAAGAGGATGCGCAAACGCATAGAGCAAGTAACTAACCTGTTTTTATAGTATATACTTGGCCCCACCAGGCTGATCGTCAGGCAAAACGCCAAACTAATAACAGTAATAACAG
YKL190W_chr11_82999_83075	YKL190W	chr11	82999	83075	GTATGTACACTTCGGAGTGAGGAAAAGAAAGAAAGGGGAAATTAACCGATTTTACTAACACTGACACTTTGAACAG
YKR004C_chr11_447448_447344	YKR004C	chr11	447448	447344	GTATGTCTCAACGGTAAAATACAAAAAACTATTGCTATTTTACAATACGCATTTTGGATTCATTGTTACGGCTACTAACAATTCTACATATTGATGTAAATTAG
YKR057W_chr11_551316_551638	YKR057W	chr11	551316	551638	GTATGTTCGAGAAATCTATAAGATTTTTTATATTTTAACGGATGAATGGAAAGTGCATGGCTGTTTAAATAAATGTAAGAAAGATATCATAATGCAAACAAAACGTAGGCATCCGCAATGTATGGAAAACATACTTATGGTTACCGATAATAAGCAACTCCGAAGGTGCCATAGACCAGCTCTGAATGCAGCCTACAAAAGTTGAGCAATTTCTGACAAAATTCTTCGATTACTTTCTTCACATGTATTAAATCATCACTCACCACCACCAACAATGTGTTTTTTAAACTAGCATAACTAACAAAGATTTGTTTTACATCAG
YKR094C_chr11_618376_618008	YKR094C	chr11	618376	618008	GTATGTTACGGCGAATACAGAATACTATGTTCGAAATAATATGAGGATTATACGATAGCAAAAAAGCCATAAACGAAAGACATAAATGGAAAATGATTGACAAGCTCACAATTTATTAAACAAGTAGCAATTGAGAAAAACTATTACTCGCGGCAAGCTTCTGAGTTTACATTAAATCTGTAGAGCAAATTGAAAATGTCGCATATGTGCTGAAGGGTTTGTTTGTTCCATCTTATTTTGCATAACATAGTTATATTTACTTGGTCGCATAAAAAATATTTTTTACTAACGTGAAGTTTCTTTCTTTATGATGTACGCACGCACGTCTGTGCTTACTCCATAAATGAACTTATTCCAATTTTGTACAG
YKR095W-A_chr11_625535_625610	YKR095W-A	chr11	625535	625610	GTAAGTAGAAGCAGTTTTTCAATGGGAAGACCGCACTGCATAGTTTACTAACTATTTAAACTTTCCAAACATTAG
YLL050C_chr12_40399_40220	YLL050C	chr12	40399	40220	GTATGCTAAATTTCATTTGTACTCCTGTGTAAACTATCAATTACTAACTAATTGACATGATGCTGTTTTATCTCGCTCTCTTATGTCCTTTCTTTCCTCCCTTTTTAACATGGAACTTTAAAAGGAATGTGGGGGAAAAAATTCATAAGAAGCCAGGAAAATGTGAAGTTTCTGTGTAG
YLR048W_chr12_242322_242681	YLR048W	chr12	242322	242681	GTATGTACACATATCCCATACGATTATGTTCTATAGATGATAATAGGTCTCGAAAAGAATATGTCCCCGATTTAATCATATTTGGAGGTCAGAGGACCAAAGGTAATTTCAGAGGAATTTTGAACACGCCGGGTTTAGAAGAGTTAGAATTTCACTTCTTAGTGAGGGTAAGGAGAAGAAACTCAATAAGAATATACATCCTCGACTGTGTCAAAGATTATGAACTCCGATGAAACAGTAAAACGTCAAAAAATTCCACGGGATATAATTCGGTACTTTATTGGATATGGAAGAAAACATTATATATGCACAAATGAACGCTCTTACTAACATAATTTATCTTTCCTCTCTTTTTTTAG
YLR054C_chr12_250948_250861	YLR054C	chr12	250948	250861	GTATGGCAAAGAAGTTTAAGAAAACAGACATTCGAACAAAAATTTACTAACATATAAATGTAAATTTAAATTTCCTTTTTTTTACAG
YLR061W_chr12_263206_263595	YLR061W	chr12	263206	263595	GTATGATACTTTAAAAGGAATCCACGCCCGATTACGAAGTCTATGTTTTACTGTTATTGTAATGATTGATTGTACGCGAATAACAAGGAAGATAGTAAAACCAAAAAAAAAAAAATAAAAATGTACGAAACGAAGAAGCGTCTATGTGTTTAGTTGCTTTTCTGTATTTTAAAAATTCACTACTTGAACATTGAACTCTATATCGACTCCCTTCTTTTTATCCGTTTCTGAATGTTTTTTTGTTTGAGATTGTCATATGTGATTGTTAATAGCAGTAGGCAACTTTGTGGTTTCGGGATTGAAAGAAAATCGTGAAATATTCGTTTTTTACTAACATTACTGTTCTGAAAATTTTTACTAATTTTCAATCTTTAATTTTTTTGATATAG
YLR078C_chr12_286557_286468	YLR078C	chr12	286557	286468	GTATGTTTGATCGCCGGAGGCATCTTTTCTCATTATTGCTAAAACAAGATGTAATACTAACAGGGTATTTTGCTACTACCATCAAATAG
YLR093C_chr12_327400_327259	YLR093C	chr12	327400	327259	GTATGTATAAATATTTCTACACAATTAACAAATGTTTAAAAAAGGGATTATGCGAATGCTCATCCCCCCATGCCATAATTTTACTATGTTACATTCAGTAGACTAACGTTCCATTTTGCTTGATTTTGCATATGGTCTTAG
YLR128W_chr12_398533_398627	YLR128W	chr12	398533	398627	GTATGTTTTTAATTTCGTTTCTTTAGTTCTCAGGCTCTTCAAAGTACTAACACTTTATTGGCAAGGGGCGCTCAAATGTGATGCATCATTATAG
YLR185W_chr12_522671_523030	YLR185W	chr12	522671	523030	GTATGTAGTAGGACATTGAGAATAAAACTGTGAACCTGTTATTGACGACCGTGGAGAAATGTTATGATTATCTGAAGAGAAATATCGGAACGCATGCACACCAAATTTATACTTAGCAAGACTGGACGATACGAGACTGGTATACTTGTATGAAGACAGAATAGTGAACGAAAGACATGCGCATGACAACAAATTTACCGTATAGAAGAAATATTCTGCTTGTATGCCTGAGGGAACTCGAAAGGATCAATTTCAATGGCGTTGTAACAGTCACGAAAAAAGTGTAACTATAAGATAAAGCAAATTGTACTAACAAACTTAACCAAATTGCACAACAATTTGATTTTCTTTTTAAATAG
YLR199C_chr12_548765_548679	YLR199C	chr12	548765	548679	GTATGTTACAATAATCTTTTTTCCCCATCATATTTTGCTAGAGTAGAGTGGTTTGACTAACTTATGTTACTTGATTCTTTTTGAAG
YLR211C_chr12_564513_564454	YLR211C	chr12	564513	564454	GTAAGTTTTTGAATTATGCCCCCACTTTTTTTTTGTTCATGGTGACTAACATGAATTAG
YLR275W_chr12_694382_694472	YLR275W	chr12	694382	694472	GTATGTTTGATCTTAACCATTTTTACATCCTATAATTTGGAGTGAATTTTTATATACTAACTTAAAAGTAATTGATTTGTATCTTTCCAG
YLR287C-A_chr12_713155_712725	YLR287C-A	chr12	713155	712725	GTACGTAATGCCTCATTAGGATTTTAAAATATGAAAAAAATGGACGTTTCAGCGAGGAATGAATAACAAGAAATAGCTAATTTGAATATATTACTGGTGTTTCATATCTATATATACCGCAGAAAAAGAAATAAAACGCAATATATCTTTAAACTGGCTCCACCCTGAGAATATGATAGGAAACTTTTTAAATTTGAGTTCTGTTACATCAAAAACGTAATTGCTTGACACAGATTTTTCGAGGGCAACAGCGTGGACTTAACATAATGTCGAGTTTAATAACAACATTTTTTGACGGAGAGTTAAAAAGGCTTTGAGAAAATAGCAGAGTGAAGTTTATTTTTAGCATCCTTGCTGATACGCCAAATAATTCAAAAATTCACTATACTAACATGGTCATTAATTTTTAATATTAATATTATTTATTTAG
YLR306W_chr12_744153_744287	YLR306W	chr12	744153	744287	GTACGTAGATGCAACTATATCTTTCCGTTTCTCATTGGCGGTTTTTAGCGATCGAAAATACTAACATAATCTTTTTGGGGGGTGAGAATGTATATGTGTACTGGATATGTATATTCTTGGCTTTATTCAAATAG
YLR316C_chr12_766249_766181	YLR316C	chr12	766249	766181	GTATGTATCTATGAGATCTAACAGAAATCAGGATCAATTAACTAACTTTCAAACATATATAAGTGCAG
YLR316C_chr12_766129_766073	YLR316C	chr12	766129	766073	GTATGTATATGATTTTTGCTTTTGTATTCATGGAAGTAAACTAACTAGTAAAGTAG
YLR333C_chr12_796335_795912	YLR333C	chr12	796335	795912	GTATGTGCAGTTGATTCACGGGAAGAAGATATTTGAAAGAACCGAACCGATGCCAAAATCAAAGCCAAATCTGGGATTTGCCAAAAAAATTTTAGGATATAGAATAAAGATACGAAATATGAAAGGCGAGGAAAATTAGAATTAGTGGAGCAAATAATGAGCACAGGTCGCTAAGATCATTGTAACTCAGAATGACGTCAATCATAACTGGGTAATGAGATGTGCTATTGTATCTACTAAATCTATTAAACAGATCTTTATCATTCCAAGACCACCATACAGTTTAGTCTGCAGGCCATTTTGCTTTTGCTTTGACTTTTTTTTCTGAAAGATTCATTCATCAAAGGAACTAGAATATCTCTGCGTATTTTGTAATATAATTTTTGACACTAACATCAATTTTCACCCTTTCTTACGTCTCAG
YLR344W_chr12_819330_819777	YLR344W	chr12	819330	819777	GTATGTGCACAAATGCTAAATCACTGAAACCCTGTAGAGCTGGAATTGAAAATATAGTTTGTACCTTTTGCCTGAGGGCAGAATGACTCAATGTTATCTTAATTCGATTAGAAAAAGAAGGTGCGTTATCCAAGGTTGAAACTTGTAAACTATTTAGGTGATGTCTCATAACTGCAACCACTGGAAAATGACGCAAATATCAAAATAATAGGGAGATAAAGTCTCACGACATGAAAAAATCATAGAATTATTGTTCAATTTATCTAGCCGTATCTTACCTTATGGAAAAAGTGTGAATATGTTTTTCTAAATCGAGCTTCCCGGAAATTACACTATATTATGCATCCGTGATACATCTGAAATTCAATACTTTCTCCAAGGTCCTGCTTACTAAGAGGGTAAGATTTGTTGAAACTCGAAATACTAACATTATTTTCATTATTTTAG
YLR367W_chr12_855876_856433	YLR367W	chr12	855876	856433	GTATGTGGACGAGGTGTGGTAAGATCTCCGCTGAGGTTGATTGAAAAGTATTGGGTAAATTTGTACTTTTTGTCTGCTGCTGGTCGTTTGTCTTTCGTTTTAAAATTGCGCTAGACAAGTAAACAGGGATTGCTTAAGAATCAAAGTAGCTTAACTCTAAAGTATTATTTTCCTCAGTTGTGGGCCCATGTGTTGGAGGGAAGGAATATATTGAAATGTAAATGTTCTTAAGTTCGGTTGAACTTGGATATTGTTACAAGAGTTCTAGTCTTTGATACCATTTTTACGCAATTACAACCGCATTATTTACCTTTTCATCTTCAGTTTTACGGTTCAGTTTATTCTGTTACGAAAGAACTATGGTGATTCAAAGGCGAAGTGCGTAGGATTGTAACTCCTATATCTTTAGGATACTTACAATTTTGTACTGTTTTCAAGACCACTGTAACCGATAATAAACCGGAGGACACATTTTAACCCACTATTTTTTTCAGAAGATCAGATGCGAGAGCTCGAAGCATAAGTATAATACTAACGTTTCAAAACATAGTAATTAG
YLR367W_chr12_856573_857056	YLR367W	chr12	856573	857056	GTATGTTCCAACTATTTTTCAATATTTTCACATGTGTTTCAATTTCTGCTTATTTTTAAATGTTACCACGAGGTTTGTCCAAGTTCAATGTTGCGCAACTCTAACGAAGAAATAATTATTGCCATTGTTTTTTACTCCGGGCTGATAACTAGATGGTGTGATCGGGCAGTATACTAATTTATACTGGACAAAGACTCGTAAAAGATGTTCTTTGTGCTTAGTCCCATACTGTTTTTTAAGTGTCCGGGATATTTAATCCCATGTGGAAATGCTTCTTACACGGTTATGGATTACACCTCATGTGTAGCTACTATATCCATTACCGTTTACTTTTCCTCAAAATCTCACTCTTAAAATTTTCAATGGCAAAATTCTTCCGCACAACTTAGACAACATTTTCTTGTTTTTTATGAAGTAAGCAAAAATTTCGAATCAACAACGCTCCATGAGATTCTTCAATACTAACATTTACTCCTTATTTAG
YLR388W_chr12_898157_898645	YLR388W	chr12	898157	898645	GTATGTACCAAGTTCTATTCGAATTTAAAGGTTATGAGGTACAGGAAGGCTGAAAAATGAAAACTTCGAGATGAAATAATCCACGTCGAAAGTAATGCTGAAAACACAAGTAGCTCTGGATTCAAATCATAAGGACGTACAGAAGTGTTGCTGACAAATCGCTTCTTTTTGATATTAGAATTTCATTCAATGAACAACGGATTGAAGAATTGTCGTGTCGACAGGATTGTACATTTTACCAGGACTGAGGAATGAATTCAACGGCTTTGCCGAACAAATCACGGCATAACCTGCAGAATAACATAACAACATAGCGCTTATTATCATTGCGTATGCTGGCTGAAACGAACCTTTCACTGAATCAGCTCATATCGCATGGACGGAATAACAGGTATAAAAAATCCACGAGTTATCAACCTCATTCTCTTTAAAATTGGAATCCAATCAACCGAATTCATTTGTACTAACAACGTTTCCTATTATTGCAG
YLR406C_chr12_931695_931346	YLR406C	chr12	931695	931346	GTATGTCGAAATTAGCGTTGTCTTTACGTGGGAAATTATTGAAAGCCAACAAGCGATATTGTGGTGAAATACCAAGCGAAATCTATACGGGTGAAATTTCATTTTCCAATGATTGACCCCAGGTTTTAATTCGGAATATTAGAGGTTATTATATGGAATGCGTGATGCAAGGACTGGAAGGTTCTTCTTCGGTACTGCATTTCTCTGTGTTCTGCGATCGATATCCGTACCTCACGTTTACACTATAATGGCGCTTGGGCCGATGTTTTTGGCGTGATGCTTTAGTTCCACCTTCTTATAACAACTTTTTTTTTACTAACAGACCAATCTTGAATTGATATTAATATAG
YLR426W_chr12_987136_987207	YLR426W	chr12	987136	987207	GTATGTAAAGTAGAAAATAGGCATGAGGTTAGAAACAGCGTTTTTTATACTAACATGACGAACTAACCTAG
YLR445W_chr12_1024567_1024649	YLR445W	chr12	1024567	1024649	GTAAGTATAGGTCGAAACTAGGCATCCTGTGCCATCTCAATTTTACTACGTTCTTTTACTAATAATGCAAATTTAATAACAG
YLR448W_chr12_1028862_1029246	YLR448W	chr12	1028862	1029246	GTATGTGTAAAGATGAGTAAATTGAAGGATGTGATGGTTATGGAGATGGCACACGTGCCTAGAGGAAAATAGTTACCCAAGAACAAAAGCAGGAAGGGAGCTAACCTTTTAAATATGAACTGGACAAAACTGGACAAAATGAAAATAACGATTTTAGTAAAAATGAAAATATAGCATCAAATGACTGAGAAACATAGTAACAATAACTCATATTATAGCTAATCTGAGTAAACTTCTTCCTACGCTAAGAATTTTTTTGAGGATAGTACCAAACCTTGTGCTGAATCAGCACACGCCATGCCCACCATCAATTGTGCAAGAAAAAAGTAAACGAGTAGTATACTAACTATATATGTGATTTACATCACGATATGTCAATTATAG
YML017W_chr13_236591_236953	YML017W	chr13	236591	236953	GTATGTGCCTCGGTTTTTCTCATTAACCCCTTTTGATCCATAACGGTCCTCTTTTGTTTCCTTTTTTTTTTTTGTTTTAGTATTTTATGTTTACTATTTTCTTCTGTTTCAGTCATACGTAGGAATTATTGCATGAAAGAGGATATAATATTCATGTGGATTTTTAAGAAAATAGATCAAGTTTAAATAGCCACTAACAATTGAACAATGCTCTCTCTTGGCCTCTTTTCTTCTTTTTTATCGTTTCTCTAAAAATCAAGCTGATTAGACATGGTCTTGCAATGTTTTTGCTTTCTCTAATCAGCTTGGTTTTCCGCAAAGAAGAGAAAGTCACGGAATTGTCTACATATGTTTCTATTCAG
YML024W_chr13_225891_226289	YML024W	chr13	225891	226289	GTATGTTAATATGGACTAAAGGAGGCTTTTAAGGACACGTAATATTGAGTCGACATGCGCAATAAAGTCATACAATAAATAAGTTAAAGAAAACATATGACGATATTTTCAGACGATATGGAACTGCGATACCGAAAAAGTGGTGTGATTGAAATGATACTCATGTTTTGGCTATAGTTGCAGTGGCTTTCCAAAAAATTGGGAGTTAAAATGCCTATAGCAGTATCACCGGAGATTCAGTCTCTTGTGGATCTTCTTTTTGCATAGTTGAACAAGGGATAATATGGCGCCATGAACTGCCTCTACACATTATAATGTGTTTTTGATATCAGTATACTAACAAGTTGAATTGCATTTACAAACTTTTTATTTTGTATTGCTTTTCGTCATTTTAATAG
YML025C_chr13_225338_225239	YML025C	chr13	225338	225239	GTACGTATCAGAGGATCGTCCCTCGCTCTTTTTCCATTTGGTTGTCGATTTTCTGAAGATGAATCCGTATACTAACATTACAACCATTTTATGCAATAG
YML026C_chr13_223781_223380	YML026C	chr13	223781	223380	GTATGTTTTACGAGTACAGTGCAGATATGTTGAGAGAGTTTCACATTACATGGGATAATAGCTTAATATTGCGATTGAAAATATGTGAGTGCACTCCGATGGAATAATAAACGTCACGGGTTACCAAATACGAGGCCGAATTAACTCTACGCTACTATAAAAATTATCACTAGATTTTAAAGTAATACACAGTTTATTGGAAAATACAATATATGACTCAATGCGAATTTAAAAATTTCAGTCAATACAGCTTGACAAATTCATATTTATCGTCCCTCCATGTTCGTACGCCATTCCAAAATGATGCGCCATGTTGAAAATTTCTCGAAGAACCTAGCAGTGGTGTGAAATAAATTACTAACAATAAGATGTACAATTTTTTGTGCGCCCATTACAATCAG
YML034W_chr13_211440_211570	YML034W	chr13	211440	211570	GCAAGTGAGTACAATTTATTATCTTACAAAAATTATTAAACCTGTTATTATATGATAACAGTTTTAATTTTTTTTGAATTTTTTTTTGTTTTTGATTTATTTACTAACATCTTTTCCTAATTTTCTCTAG
YML034W_chr13_211444_211570	YML034W	chr13	211444	211570	GTGAGTACAATTTATTATCTTACAAAAATTATTAAACCTGTTATTATATGATAACAGTTTTAATTTTTTTTGAATTTTTTTTTGTTTTTGATTTATTTACTAACATCTTTTCCTAATTTTCTCTAG
YML036W_chr13_206097_206203	YML036W	chr13	206097	206203	GTATGTTTTAATAATAAATTCGAGGTAAAAACTTCAACAGCCTCACCAGAAACACATTGTACTAACTTCACCTTTGTTTTCCTTTTATTTTGTTTTTACCTATTAG
YML056C_chr13_163716_163308	YML056C	chr13	163716	163308	GTATGTTATAATAGACAAAATTTTTGGTATTATGTTTCTTTCATTAGAATGCGCTTTTTAATCATCCATAAAGTTTTCCAAGGTGTGAAAAAGATCTAAGATGATGATCAACTTTTTATATCAATAACTTTCGTTCTACTGACTGTGATCAAACGATCTTGTAGAGAACTTTTACTCTGAATTAAATCATATTCGCACCTTTTTCGGAAAGCCCATTATGTGTGATTAATTGACGTGCAGTGCACTTGAGGAACTTAATATATGTGATAAAAAAATATGTGGCTTATTTTACTAACATTGCTATGTAAATACTGTTATTTTTTTTCTTTTCTGGCTGGGCTGAAAATTTCTTCAGTCTTCATAAAGTTGAGAAAATAAAAGGAAACAAGTACATCTTTTTGAACACAG
YML067C_chr13_140183_140090	YML067C	chr13	140183	140090	GTATGTTATATGGATTTTTCTGAAGTAGCCCGCTTCAGCATATTTTATTTTTGCTTTTGCTTTTTCACTAACAATGGAAATTTAACTTTACAG
YML073C_chr13_124157_123742	YML073C	chr13	124157	123742	GTATGTTCCTACATGTTAATTTCGAGGGGGAGATGTCAATTTACATTCACGAAGGCATAAGTTTTGAAATTTGATATGATGCCATCAATCTCAGACATATCCATACAAGAAACAATAAGATCAGGACGTCGAACAAAATAATACAATGAAAACTGATAAATGACGTTATACAGTGTACAGTGAGGATAAATGATTAAGGCAGTATACCTTTCAACACAATGTTAATACTATGAGTGAGAAGGTGAGCAAAGCAATAAGGTATATCGACCCTAGCTCATGATTATTTAGTTTCCAAACAAAGGCCCACGTTACAGTTTCAAATCGCTAGGCATAATCTCTCCCTATAAAAATTTATCACCATTCGCAAATCAAGAATACTAACATTAGTCGTTTGATATTTCTTTTTTCCATTTAG
YML085C_chr13_99375_99259	YML085C	chr13	99375	99259	GTATGTTCGATTTGCCCGTCCAGGCTAGATCTTTTTTTTGTTAGTTCATTTTGGCGTTTCATCTTTCATTACTAACTTCAACGCAAAATTTTTTTTTTTTTGATTTCTCTTTACAG
YML094W_chr13_82290_82373	YML094W	chr13	82290	82373	GTATGTAAATGAATAGCTCCTTCGTTGTTGCCACCGTACAGACACTTTACTAACTTTTAAGTTACTACATGTTCGAAACTTAG
YML124C_chr13_23659_23361	YML124C	chr13	23659	23361	GTATGTATGCGTTCCTTTTTTTGTTCAATATTCGCAACCAATGGCACCTGTGGGACAGGGAAAGAAGTTTGATCTGATCTGGTTTGATTCATTCCCAATTGGTCACCATCTGGTTGATTTACGGCAAATAATTTGACTTGTACCAGCACAGTTTACTAACAGTTTCTTTTTCTCCATTTTTTCTGGGCATACTCGGACGAAAAAGCTCATAATTGACCTCATTACATGGGGAGTGATTTTTGTGTCTTCTTCTTCGGAGGATTGCTGGAACTTTTGTTATTTTTCTTTTTTACAACAG
YMR033W_chr13_337816_337902	YMR033W	chr13	337816	337902	GTACGTATTTAGTTCATCAATGGATTTTTTAAGTCTTCACGAACAGTTTTTGGTTAATCTTTTATACTAACAACAATTCATAACAG
YMR079W_chr13_424996_425152	YMR079W	chr13	424996	425152	GTATGTTGTTGCTTTTATTTACTTTTTCTTTTTTTGACATTCATTGTGACAATATTCACATTCTTCAGATAGTTCTGTCTATATGAAGCAAAAATGATATATCAATAAGTTTACTAACAAACACAAGTGGTATTACTATGACTTCACTTTAAATAG
YMR116C_chr13_500150_499877	YMR116C	chr13	500150	499877	GTATGTGATATATTTTCTTTCCATGATAGAATATGATGACAATCGAGTAGAAGAAGAAAAGTGGATTTGTGTATGCCATTCAAATGATGTAATAACATATTTGCTACTTCAGATGGAACTTTGAGTTCCGAATGAGACATACCAATTATCACCAAGATCTCTGATGAATGGTTTAGCATTACTCTGCTCTTCTCTTTACTCGTTATGTCAAAATGGAAACTTTTTTTTTAAATTAATTTTGTTCCCTTACTAACAAAAATGATATAATGACAG
YMR125W_chr13_517562_517884	YMR125W	chr13	517562	517884	GTATGTTTTAAAACCAATGTTTTCCAGAAGTTTCGTTCTAGAGTGTGTATATCAAGACCAATTAGGATGGTATTTCCATTTTTTGTCAGTTAGTACGGTGTGACAGAAAAGTGTACTTTTGTGGCACAGAGAAGTGGAGAAACGGTACACGTAGAATACATAACGGCAAGTAACCTCTCTTATTTTACTCTCCATCTTTACTTTGTTTTACATTCCTAGGATTATTAGGTTAGCTTGGTTTTACAAAAACTCAATTATTCAGTTTCATTCAAATTACTAACATACCCAACTTTGACTACCTTGCATATGATTTTACCGTTAG
YMR133W_chr13_537447_537563	YMR133W	chr13	537447	537563	GTATGTATGCATTTGCAAGAAACTGAGCTGTTTCCCCCTCTTATCCACTCATTTTCTCTGACTTGACAAAGAAATACTAACTAACAACTTTTGCCACTACAAATATGAATGAAAAG
YMR142C_chr13_551202_550800	YMR142C	chr13	551202	550800	GTATGTTGAACTGAAGCAATAAGAGCTATGATTGAAACGAACACGGAACGACTGAACTAATGCCTAAACTAGCTGTGTAGAAACAAGCATTGGATAACACTGTAAATTAACAGTAGGAACCGTGGAATAATTAGATCCCGCTGTCTTTGAAACGTTGCAAAAATCAAGATCAAAAGAATCATTCTTTGAGATAATTGGCACTTTGACCAGTTTATAAATAGGCGGGTTGCACTAAAAGGATGCCTTGAGATATTTAGAGGAATCAGCATGGCGAGGCAATGTAAATTGTGCATTAATAATGAGGTTAAATGATTATTACCCTGAGATTCGTTTATCAGAAACTAGAAATAAAGGTTTACTCAAAGGAAGCAAATTTACTAACTGATTTTTTTATGATTATAG
YMR143W_chr13_551950_552494	YMR143W	chr13	551950	552494	GTATGTTTTCAGTTCTGCAGAATGATGTTTGATAGTATCGATAATGGAGTGAGATCAAGAGAAAAAAAATGAATATGTCAGCCAACCAAGTTCTGAGTAGGCAGTAAATGAGTACGCATAGTGTATTTATCCAAAGGAAAGAATTGTTATTTTTACAAGCCGAATTGAGATCCAATTAGGCAATGTTTTGGGGAGAGTATTTTGACAAGATTGGTTAAACTACTACGGTCAGTTCCGTAACCAGTACGATTGTACACATAAGGAAACAACTGTAAAGATAAACAATAAGGGCTTCCAATGCCATTGTAAGATATCATATTCCTAAACAAAAATGTACAGCGAATATAAAGCCAGCGTCAGTGTCTTCCTGGAAGGTTGCGCAACTAAAGAAGTTGAAATTAAAATGGCAAGCGCTACATTTTCATCCATTTTCACTCATCAGATGTCCAAGATTTTCGAAAAATAAATATTCTCATTTTTCTCTCAATGAAATAATTGTTACTAACATTGAATTTCCTCGTAACTAATTGCATTACTTCTTTAG
YMR147W_chr13_559781_559876	YMR147W	chr13	559781	559876	GTATGTCTGTCGTAGCTTCTCGCGCCATAACGAAATTGCCCAATTACTAACACGTATTTTTACTTACAATATCAACCACCTCCACTAATGAACAG
YMR194C-B_chr13_652846_652774	YMR194C-B	chr13	652846	652774	GTTTGTAATATTAACTTCAAAAGATTCGATCGTTTTTTTCTTTTCACTAACGTTTTTTCACATTAATTTTAG
YMR194W_chr13_651159_651622	YMR194W	chr13	651159	651622	GTATGTGAGACATAAACAAGGAACTGAACGGGTTATGACGATTTTCGAACTTATAAAGGGGTTTACCCCAAATACGAGAAGAACATGAGTGCATTGAAAACTTAAAAGGAAACAAAAACAAGAATATTATATAATTTTGAGTGATTAATGACCAATGGAAATAGCCAGAGGAAAAATACCATTTAATATGCATACACAGGCTTATCTCTTCACTCCTATCTAAAAAACTATTGTGTTTGAAGATGAGGTCCATTTTACAAAAAGAATAGTATTGCGAAAACGCCTTCAAATGGAACATTTTAGTAGTTGCACCATTGTAAGAATTGCCATGGAAAACAATCACAAAAAGATGCTATACAAAGCCGTACATTATACGTCACTTCCCGCCGACACATATACACGTGTATATGTATGCCTATTTCACATGTTACTAACTGAAGACAACCTGTGTCCTTATATTTAG
YMR201C_chr13_667016_666932	YMR201C	chr13	667016	666932	GTATGTGTGAAAATGATTCTGTGTTTGTATTTTAACCGTGGGTTTCTTTTTACTAACAATTTAACGATGAGATGAGCTGTGCAG
YMR225C_chr13_721344_721197	YMR225C	chr13	721344	721197	GTATGTATTTTTTTTCGCTCTGTTATTCGTTCTCCTTACCTTTGGCCATCATGATTTAAAGATTTGGCTAAACTAGGCTGAGGTAGGCTCGAACCGATCTATCACAAATACTAACAGCAAATGATATGGTCATATCATTGATTTCAG
YMR230W_chr13_732464_732874	YMR230W	chr13	732464	732874	GTATGTTTGCATTTTTTAGGTGAAATATGCAGTGATATGCTCCGAAATGGATAGCAAAGATGATAAATGAAAATACAATTAAATTGAACTTGAATATCATTAAAAGTGGTAGAAAACCGATTGTTTCAAAAAGATCTTTGTGGACAAGTACGGCAGTGCATGAATCCGAAAGAAAAGTGCAACCTAAGCAGAATTCCATTATTTCACGCGTCCATTTTTATAATGTTTGAACTTTTGAGTCCTTATAGAAATGCTAATATTATGATCAAAGCGATTATATCATTTACTTTACAGTTTCCGGAGTTTCCGTATTATTGCAAAAGGACCACAAACAATTGAAATCATGATATCGTAAGAAATATTATTACTAACAAGGAAGATCATTGAATTACGATCGCATATCGAAATAG
YMR242C_chr13_754218_753741	YMR242C	chr13	754218	753741	GTGAGTAAATACCTACTAAACTATGCCACAAAAATGGAAGAGTAATGCCATCTACATCGCAGAACTAGGCTCGGAGCGATCATGAAATGAATGACCACACTGCGTTTAAAACTTAAGCTACTATCACCACTAAAATAGTTCAACTAGGATTACACTCTAAATATGTCAAGGAAAACAGCGAGTTTGTTACGACCGAAAAGAAATGAACGACGTTAATTGTACCATGCTGAATAATATGATCCCATCCATCCTAGAAATACGATTGCAAAAGAAGTGTATAGGTTCTTTTTGGTTCAATGACGAAACACCTGAGTTAAACTTTCATGGATCTTTCAAATGTCTAAAAGGCTATTACCTGACCTTGCGAATGTGATAATAACTCCTCCATAAAAGCTTCCCTTTTCTCATGTGTCACATGGACTTCATACTAACATTCAAATTTGTGATTTTTCATGAAAATCCTTGTTATTTTATCAG
YMR292W_chr13_854816_854898	YMR292W	chr13	854816	854898	GTATGTTTTTAATATTTTAGATGCTCTTTGCTTCTCCGAGAGACGTTAGTTCCTTTTTTACTAACAACTTACTTTTCACTAG
YNL004W_chr14_622941_623283	YNL004W	chr14	622941	623283	GTATGTTTCATTGATAAGGGAGGTGAAGAAAAGTTTGTAAAATGAGACTTTATGAGGTCATTGGAATTAAATAGACATCAACGAATGGTGAGTCACCATTTAATGCTGCCTTCAAAACGCTTGCTTCAATGTGATTCCACTGGTTAAAGGGGGTTTTTTGAATGCATTGCTAATGTTTATCTACTGGCTATGAAAGTGAGAATATCAATTATAAATAAAACCCTGATTTTCTACCTGCCATGCTATAATGTACAGTTTATTCCAACTTTGAAACGCAATGACTTATTGGTCTCTCTCATTATGAAATTTAGTTACTTTTACTAATGTTATTCATTGTTGTAG
YNL012W_chr14_609786_609870	YNL012W	chr14	609786	609870	GTAAGTTAAACTCTTTGCCACTTTAACAAATATGGGCCAAAACTAACCGAATATACCAAAACTTCGTATTCCTTTGTTTATTAG
YNL038W_chr14_557606_557680	YNL038W	chr14	557606	557680	GTATGTATTCAAGCGAATTTAAGATTGTTTCTTACTTCAACGATCTGATTAGAAATACTAACACAACAATGCAG
YNL044W_chr14_545287_545366	YNL044W	chr14	545287	545366	GTAAGTTCTAAATTGTAAACACATTTGCATCATTGAAAAACTATACTAACGCGTTAACCTTTTTTCTATATTTCTATAG
YNL050C_chr14_534961_534870	YNL050C	chr14	534961	534870	GTATGCTTTGACATAAGATACAAGTTTGCCTCTAATTTCATTTTTTTACTAACTTTTCAACGAATCGTTTAATATTCTAATTATTTTGCAG
YNL069C_chr14_494970_494521	YNL069C	chr14	494970	494521	GTACGTAAAAAATTTCTAATTCTAACAGGAGTGATTGAGTATGCAGGTGGAGGACGTTGCAAAGACCATTTCAGAATATAGTAATTGAAATAAAAAATAATCCTGCGAAATGTGTTGCAAAATGCTTACTATAAAGAATAGTATTAGCTAATTAGGATGCTCATTGATTCATAGAAGAAACGGAACACGCAATACTTGAAACTCCAAATACTTAATTGAATGCGTTATATTTGAAAACATGAATTTGCAATACCGTGCATCACGCCTAAAAAGTGGCGGTTTGAAAGCATCATGCCAATGTTACCCCTGAGATGCATCGATATGCCCCATCACACCAAAAAGTAATGGTAACTTCTAATCAATATTTTGACTCCAACTATATTCAATCCACTCAGTAAAAAATACCAAGATTAGCATTTACTAACTTTATTTTTCTCCTTTTATTATAG
YNL096C_chr14_444168_443823	YNL096C	chr14	444168	443823	GTATGTTAAAAGTTATATAATTTGGAAGCAGCAACATTGTGATTTCTTCTAAAGGGGTTCTTTGCAGTAATTTTTTCAAAAAAGAGTGATTTTGAGCAGTATCTGTATGAAATTTTCATGTGTTCGAGAAAAATAGTAATTCCGAGAGCTGTCAATACCATGAACGTTGCGATGAGCCTTTGAACTATAAAGGCCTCCTTGGTCAGTACCAATATCGATGAATAAAATAGAAGCACGCGAAAAAGACCTTACCCCAAGGAGAAGAATCACAAACCCTTTTTTGTTATGAATGAACCAATTCAGTTACTAACTTTATTTCAACGCTGCTTGATTCTTATTGTTTAG
YNL112W_chr14_414908_415910	YNL112W	chr14	414908	415910	GTATGTTAAAATTTTCTCCATTTTTTTATTGATTTTATTTTTTTTTGTTACCCCTAACGATATTACAGCTATTTCCTAATGGCTTTTAATGACATTAATGACTTTATGACAACCATGATAGTACAGAAGAGAGACCTTTTTTCTTTTTTTTTTTTTTTTCTTTTTTTTTTTTTTTTCTTTTTTTCTTTTTTTTTTTTTTGAGCCTTTTCGAATCTAGACTCTATGTGAGTCTATTCTCGATGGGGAGTATCGGAAATTGAATTTTAATTCGAATGACTTCTAATGCATCACTACAGAAAACTAATATTGGGAGGATGAGAAAAATTGACTTTAATTAGTCGTTTTGAGAGACGGGAAATTATAAACTCGGAGAAGTGTATTTGTGTTCATGATTTGCACTTCATGTCAAAAGAAATTTCGCTTTTTGACATCGGCGCAAATAAACAAGGAATTGGCTTTTCAGCTTATTTCTAGAACGCATACATACGCTTCGTTGATCGTTGTTTTTTTCAATGCTTGGCATTTGTACAAGGGTAGATTGTTTTATTGGAAAAATAATAGTATATTCTACTTTGAAATGCCGTCATCCTTCTTGACTATTGTTATTCTCATTTTGTGTAGTTTATGCATTTTGTAGTTATATTGAGATACTGTTGCATCCCAAGTTCGAATTATTAAGAAGTGCTGATAAAAATGGAAAATAACAAAATAAAAGGATTTCAACCATATTCAGAAATCATTTACTTTGTTTTCCTTTTTTTAAGTGCTAGCTTTCATTCAGTTTGAATAAGGATTCTGGAGTATTGATGATTAAATATTTCGAATTCTTTAATAAAAATATAATTTCTGATAATCTTCAAGCCAGGGGGAAATTTGAGACAATGTTGGGAGTCCAAACATGAATTTGTGGGGGGCATGAAAATAAAGTTCATATACAGAATAACGAACCAAATTACTAACAGTATGCTTTGTAAACGTTTGTTTACTTCTTTATTTTTTCAG
YNL130C_chr14_380778_380686	YNL130C	chr14	380778	380686	GTATGTTGCTTATCTTATTGCACCCTAAATCTTCTGTGGCAAGAAAAATAAATACTAACTATTGTAACATTAAATTACTAATCTGACTTTAG
YNL138W-A_chr14_366032_366154	YNL138W-A	chr14	366032	366154	GTATGTTACGTTCTATTGCGCTTTAGTTTGAATTGAAATCATCTTTACCATGGTACTAACTACGCTTGCGATGAATCGTGCAAGTCCGTGCGGCTTATACGTAATGCTAATACTCAAAACAG
YNL147W_chr14_350954_351050	YNL147W	chr14	350954	351050	GTATGTTTCACTTCTTATTTTCTTCCGTGGCAATAACCTTCCTTTTGACTTATTTATACTAACATTATAATAACTATGTTTCCTTTTTGAACTAAG
YNL162W_chr14_331322_331834	YNL162W	chr14	331322	331834	GTATGTTATAACCATAATTCCTAATGGTGAATAAAATCAGGACCAATAAAGAAAAGCTAATTTGATTTTTATTGTCAATGAAATTTCATAATCGTCATGAATGCATAAACAGACACACCTAGCAACTGTATAATCTGCGCCTAAAAAGGGCGTATACACAAAACTAAACGATGCGCAATAAAAGTTCAGCAGTCAGCAATGAAACCGAGATATGCAGCAACAGAGTATCATATGCATGGAGGATCCTTTCTGTTTTTCTGATAATATGCTCTGAAAAAGCTCCAAACAGCACAGTAGCCTATTTGTGAAGCTCAAAAAAGGCTTCTATTTCCCTCGCTATCTTCAGATTGTGCAGTGATATTCTTTGAGGAAGGAAACGTAGAGGGGATAAGTTGGATAACTGTTATTTCTTTTCAATATGCTAGATTTTGCTTACCACCTTACTGATTTTTTCTAATAATAAACTTTTTTACTAACATTAGTACGATGTCTCATCTATTTCTTCTATTTAG
YNL246W_chr14_185490_185585	YNL246W	chr14	185490	185585	GTATGTAGGATTGAGCTCTGCAGGGCATGAAATGGAAAAATAAAGCAACCCATTATACTAACAATATGCACTTAGCAAGTGCGGTAGATGGTCAG
YNL265C_chr14_145253_145148	YNL265C	chr14	145253	145148	GTATGTTTATATTTTATAGTAATTTTTAAAAAGCTTTAGTATGCAAAAGATCTAGGATGTACTAACTGAAGAAGGGTAAAACTATCATCCAAATTATTGTTATAG
YNL301C_chr14_64449_64017	YNL301C	chr14	64449	64017	GTATGTATTGAAATCTCCCTCCCAATTTTCTTCAGGATAAAAGGATTCTGTGATATTATTAACTTCTAGTCCCGGCGATCTTCTAATGGCTTCAGTCTTAGTATCGTTGCGTGCGACGGATCTCTTAGACAAAAGTGGAATTTGTTCTCTTTTGTGTTAAAGATTTCCACTAGAACAGAAAGCGGTAGTTTTCTGGAAATTCTGCGAGTACTAAAGGAAGTACAATACGACCTTCAAGTGCGGACCAACTATTAACTGAGCAGAATCTTTTTTCTTCAAAGAGAAAAACAAATTGGTACTTTTTCGTTTTGCACTCTTTTTGGCTTCAATTAATGGAAGAAATTAAAAGCTGCCTATCGAGAATACCAACAAATCCTTTATCCCTTTACTAACATAACGTAAAAACTTTTGTTTTTCTTGTCTTAATCACAG
YNL302C_chr14_62922_62371	YNL302C	chr14	62922	62371	GTACGTATAACTTTCACTCATTGAATGAGTATTTAGAGAATGAATGGATATTAGGTGGAAAACAACGAGATGAAAACATATGGGATTGAGAAAAAGGATTTAGTGCAGAATTTCCCATTACCTGATAAATTGAAGTTCATCTTTACTGTGCATTTACCGAACGAATGAGTTAAACTATTATGATATAATTGCTGTAATTGTGGAGAGAATATTTTGAGCCAACTATACAAAATGAAGTTCTCAGACGAAGAGGTAATCATTTATTTATTGGAATTGATTGATAGGAGGTTTTAACTAGGTGGGATGTTTTCTAATGAAATAGGAGAACCTGAACCAAGACGTTTAAGTTGGAAGGAAATCTGTAACCGTGGTAATGCAAAAGCAATGAAAAGCGATTTTTATGCCGTTAATTTAAGCAACAACCCGAGACCACGATACTGCCGCACCAAGAAGTTGTCTCAATAAACATTTCACTGAGCATTCCATATTCTATTTTTACGAGAAAACTTTTTACTAACAAAAGCATTTCAATTGTGCATTTTTTCAATTAG
YNL312W_chr14_48292_48400	YNL312W	chr14	48292	48400	GTATGTATTAGTGCTAGGAATTGGAGGATTTGCTCTTTTCTGCATCATTTTTTTTATTTTTATTGGCGAATGTTAAAATTACTAACAATGGATGGGATTCCAATACAG
YNR053C_chr14_722298_721767	YNR053C	chr14	722298	721767	GTATGTTAACTTTTTTTTTTTTTTTTTTGATTCTTTCCAACCAAGAGGATAGCACGAGAGATTTTTTTTTTCGATAGAGTATGATTTTTATTACCAAACCTTTTTGTCAGGGTGCTTCTCTATCCGTTTTAGGATAAACTTATCTACAGAAGTGTCTGTTACTGTTTTGGAAGAGTAATACTGTTCGCTTATCCATATTTCCCCGTTCTGGGGAAGCCTCATGGGTAAATTAGAAGGACAACCTTTGTTTTAAAGGTATACCTTCGCTTTTTAGAACAGCGAGGATCTTATGAGTTGAGCTTTTGTTATTTGAGACTTTATCTCGGGCTCCATACAATATGTTCGTAGTAAAGATCCTCACAATTTTCTACTTTTTTTTTTTTTTTAGTTTAATCCACTCTTCGAAACAATCAATCTCGGCTATAACAATGATTATTACATTCTCTTGGGGCAAAAGATTACCTATTATGAAACAAAATGTATTTTTTACTAACAGAAGGTTTTTTTTTTCAATTCTAACTTTACAAGTAG
YOL047C_chr15_242502_242439	YOL047C	chr15	242502	242439	GTATGTTGATGTTCCAATAAGCAGATCATGTTTTTTAAGCCGTCATACTAACCGCCTTTGAAG
YOL048C_chr15_241023_240945	YOL048C	chr15	241023	240945	GTAAGTACATGATTTTTGTTTGCATTGATATGACTTGTTTTATGACTAACATATTTAATTTTTATTTGTTAACCGTAG
YOL120C_chr15_94289_93842	YOL120C	chr15	94289	93842	GTATGTTCAAGAATAATATCAAGGGTTTTAACCAACGCCAATTATGGTTAGAAGGATTCTGTTACATTGAATATAATAGATTATCCTGAACTTTGGTAAGTTCATTGGTTTTCTATAAATATTCGTTATGGTTTGCTGAAAAATATTGGTTAATGTTTTTCGCGATCATCTAGCTTTGCTTCTGATGTGACAAATTATTGGTCAATTTATTGAACTGAATCTGGCTAAAATAGTCATACCAGAAGAAGCTAGACGTATTAAAATTCTGCGAGTGCAAACGGGTATATTTGAGGAACGATATGTTTCTTTTACATCACGTTTTGTGCGGTATTGCAAACCAGTGAGCAGAATCTTTTTCTAATTTAATGAAATATTTGTACGGAAAACTATTGTTTTCCGGTCCTTCGATCCATTAGTTACTAACATTTTTTCATTTTTTTTTTTTAG
YOL121C_chr15_92829_92439	YOL121C	chr15	92829	92439	GTACGTAAAAATGACATATCATAATGATTATTACTATATGTTTCGAGTGGTTAGATGGAAATAAAACGCAGTCATTCCAGCAGCATAGACACGCAAGCAAAGTACTTCTTCGTCAAGTTAAATAGCACCCATGGTTAAATCAATGATATATCAACTGTCCCATAATAATTGAAACAAAATATTGATCAAATTTCGCGAATGAGTGCAATGTGTAAATATATGGAAGAAGAGGGAGATTAAGGGTAGTGGTGCTATTTGCTCTTTGTTATTACTAGGATTTCAATTCCTTCCGATAAGTTCTCATGAAACGTAATGGTTAATGAAAGTATTTTTTTTAAACTGTATCATTTACTAACAATAACTTTTTTGTTTTGATTTTGTTTTCTACAG
YOL127W_chr15_80359_80773	YOL127W	chr15	80359	80773	GTATGTGAACTGCAATATTAATAGCACGAGAAAATTGAGAGGAAGATAGATGGGAACTAGTAGAGTTGATATTGATGAGATACGAAAACCACACGTAAATAAACTATCCGACGACAAGAATAGTGCATTAAGGACTTGATTAAGATATGGTGAGCAACGTAATTATCGGGCTCAACAGTTTATTAGCAATCGTTTTGATAGAAGCGTTGATGCTGTGGAAGTTGTTCTTTTTACTACCAACAGCCATTAACAAATCCATTAGAGTGTTCGTTCGTTTTTCTGCTCAGATTCAAGAAAATTATTCCATCCTCATTATACTTTTTTCTTCTATTTCGTGCTCCACGTCGAGGTATCAAGGAACATAGTTTACTAACATTAACGAATTCATCTCCTATGAATTTACTTTTTGTATAG
YOR096W_chr15_505937_506338	YOR096W	chr15	505937	506338	GTATGTTATTAATTTGAATCTAAACTTAAGAATAATGGAGAGTAACAAAGGAAAAAAGTGTGAACGGGACGATACCAGAATGTTTCAATCTAGAAAAGTATAAAAGATAAGGACTAGGACTCAAATGTATTTGGCTGACTATCGCCTGAACCTTGATGCTAAGCAAATACCATATCTTCAAGAAAAAGCCTACTCCAGTGTTTAAGAAGAAGGGAACGATTTACTAGATCATGCTATACGCAGTAAGGTTCTGATAGTTAATTACAATCGGTCCAAGTTCTAAGCGGTGTCGTCCATGCATATATCATTTACAAGTTACTGGCGTCAACTCTTCAAATATTCAAAATATCACCTAATCAAACTTACTAACATTTTCCTTTTTTGTTTTCCTTCTTTTATAG
YOR122C_chr15_552874_552665	YOR122C	chr15	552874	552665	GTATGTGAACGAGACAATTATCAATTGATTAAGAAAGAAATGAGTCGGAGGTTAGCTTGTGTGACAATGTTTGGCAATGCCCGATTTTTGTTGATGCGCGTAATTTCGAAGATTAACCACTCAGAGTAAATTACTAACTGGAATATCAAAAAACATATGAAATTTCAAACATGAATTTCTTTCCGTTTTTTTCTCCTACTTTTAAACAG
YOR182C_chr15_678790_678379	YOR182C	chr15	678790	678379	GTACGTTAATATTGTGTTAAAATGCTCCACGAAACGCTTTTTTTAGGAAACTTGTCCCCATACAGGAAGAAGGTGTATTAAAAGGGAAAACTACGATCAAAGTAATATTTTGAATAGGAAAGATTGCCCCATGATAATATTAATAATCCATCAAATGCCTGTAGATAATGACTGAAAAATGAAAAGAAAATAAAATATTGTATCATTATTATGTTGAGATGTAAATGTACAAAAAAGGAAGAAAGACGAGAATTTCAAAGGACGATTATTCTCGTTAATATTCACAACATGTTGAATATAGACCTTTCCTAAAAAATTAGCGTCTGCGTTGCAGTAACTCCATAACACAAGTCTGAATATCTCATTACTAACATTAAATGAAAAATTTTTTTTTTTTCAAATTCTCCTTAG
YOR234C_chr15_779386_778859	YOR234C	chr15	779386	778859	GTATGTTATGAAATTACTATATGATGAATGTTGCCGTGGAATAGGCTGATTCGAGCTTAGAAGACATTATTGATATTCGATAAAACATGTGTTATAGTTGGGGCCCGCACTTGTTGGACAACTGTTATTAAAGAGTATGAATATATTAAATAGTGCATGGTTTTGCGATGAGAAGAACAGAATGAACAAGTTTCATAGGAAAAAAATTCAAAAGAGAAAGGTATTATAAATGATCAGTTTACCTTCTAGGGAAAGAAGAAGGAGATAACCTACCTGATATGAAATTCCACCAAGTAGTAGGAGGCACCAGGAAATGCATTTTTACATGAAACTGCGCGTGCCAGAAATGTTAAGATAGCGTATATATATGTCATTTGAGGTCGCTTCTGACATAACTGCGTCCCTTTCCATCATGGGCTCAATGAAATGTCGAATTATTTCACTCTGCAACGTGCTCATGAAAGTACAACCTTACTAACAGCTTTATTTATGAATTGACAAATTCTATTCTACTTTTATTTTGATAG
YOR293W_chr15_867146_867583	YOR293W	chr15	867146	867583	GTATGTTTTAGAATAACTTTCAGAAAGCATGAAGATACACGGAAAGTCAAGCGAGGGAAGTTATGCGTATACACAGTAGCGGTAGTGTGCATTCACATACACGATGTTTCAAACACACAGATGGATACCATGCATATGAGGTTAAAGGATTTCTTATGAATATATTAGTGGATTACATAGAAGAAATTACAAGGAACCGTGTGACGACATTTTCGAAAGGACAGCACAAGGCCATCGACCCTGGAGACGTATGAAATATGGTATACGTCCTATATTTGGGCAAGAAAACGGTAAAACTGTTTTACGCGGAGATCCAACTTTTGATCCTTACCGAGTACCACGAATCATCTATATGATCTTTTTACTAACTTATCTTCAATTTCAACGGAGAGATGTAAACATCATTCTCTCCTATGATAATTTCTTTTTTTATACAG
YOR312C_chr15_901186_900760	YOR312C	chr15	901186	900760	GTATGTAATAGAATGTATTGTATGCTTGTGGAATGAATGTCAATGTAGCTATTTTATATGGTGAGCTCAAATTGAATGAACATATCGTGGAAATTTAAAATACTGAAGAATACCCAATAAGTCAATGCAACCTGTGAATGTTTTTCCTGAAATACGCCGAATACTGAATACGATTATTACCATAAATTGCTTCTAGAAGGAAGGCGGTGTACCATTTAATACTGATGATATGGTTAATATCATTTGAGAAGTCTTCACATGAGGACTATAGAACTACCATCCAGGAATTATAGAGGAAATTAACTGAATCAGAGATCTATTTTGAAACATTCATTTACATGTAATTGTCTGCAATAAAGCAATATTTTTGAAATATGCAAGTTTACTAACAAGAATAAATTCTTTTTTGATTTTTATCTTTAACAG
YPL031C_chr16_493016_492914	YPL031C	chr16	493016	492914	GTATGTAGTTTTCTAGTCAAGTATCATTGGAAAGTAAAGAACTAGAAATGATGAATACTAACATATATACGAGAAAAAATCAACCTCGAGCTCTATGAACAG
YPL075W_chr16_412256_413007	YPL075W	chr16	412256	413007	GTATGATCATAACACGCATTCTGAAAATGTTATCTGGGAGGTTTTCGATGGGTATGGAGTTTTCCTTGATTCTCACTTATTATCCCTTGTATTGTAATTGATCCTTCAGTAATATTTGCAGCCTTTCACAACTATCCTTTTTTTCATTGCTTATTACTATTGAACCTTTTTTAGGAGTTGCCTGCTTATGCAATATAATTTGCTGACAAGTAGTAAATTACCAGCACAATATTAAGATTAAAAAAGAAATTAGCCAAGAGCTTGATATATTATCTTATACACAAACCTTTCCGACCTACTTGATAAAGCCACATACCTCTACCTCTTCTATTAGAAATAGAAAAGTACAAAAATAGCAAAAGGAAATAATTTCTTTAAAATAACATTGTGTGAGGTTCCAACTATGGATTATTAATAGAGTAACGCAAACTTAAGGAAAGGAAGTGCTTTACAATTAAGTATTTATAAGAACGAATTTATCCCCCAAAAAAAAGCACCTATACTTAATAAAAGGAGGGGAATAGCTATCAATTGAGTGTTGTCTGCGTCTGTCTGCGTACAAGAGGATGAATTTTCTGACTCAGGCTATGTCAGAAACTTTTCAAGGGACAAATAACAGGATAAAACGTAATGTCAGGACACAAAGTGTGCCATCAACTTCCTATAATAATGGCAAAGAATCATATGGACCAAATACTAACCAATTAAATGCCCTACTTTCTCAATTGGAACAGCAAACAAGTGTTGATAG
YPL079W_chr16_406641_407062	YPL079W	chr16	406641	407062	GTATGTCCATATAACTTCAAAATGAAAATATAGCAGTTGAAACATATCAATTAAATCATTATACATCTCCAATAAACATGTATGCAAGAGGAAAGCGTAAATATCTTCGATTTCGACAATACTTTGCTACTGAACTAAAAATGAAAATGAAGTTGAATTCTCAAAGGAATGTGATGCAAGTTCGTTAATTAATATGGTTTTTAGTGGAATTATCATAGTTTGTGATAGATACACACGAGGAGTAGTGAGCAAAGCAAGTGCAACAGCAATGATATGTTAGCAGGAAATAATATTATAAATTGGATATTGTGTGTTTTTTTGATATATGTTTGTCGAAGCTAATACAGAATGATTACTAACTGGAATTTAAAAGCACAATCATGCTCTTGGATGATTGATCTATTAAAAAATTATAAAACAG
YPL081W_chr16_404951_405452	YPL081W	chr16	404951	405452	GTACGTCGTTAATCTTCTCCTTTTAAGGGGTTGAGAATATTTTTATTAAAAAATCATACTTGCTATGATTTTGAGGATCGGGTCCTCATAAATATTTTGAAGAGCCTTTGTTGAATTTTTTTCTTTTCGTTTTGTTCAATAATGGACGGTTCTTCATAGAATACTTTTTTTTTCGGAGAAAACCTTTACACTGAACTCCCGACACTTCAGGTAAAGCGTTCCGAAGTAATTCAACATTAGAAGAGGAACATTTCCCCAGTTCTGATTATGTCTGTTGAAGATAACTCAAGTATTCTAGGCTTAATACAGAAATGTGTTAGGTTTGAGAACTCCATCATGGATTATGCATATTCGTCAGTGACGTGCACAATTCTTTTGAAGATAGGAAGAACAAAACTTCAATAATTGCTTTAATAATATTTATGTAGTGATCTTGATCCTCGCATTCGTTTGAAAAAGAGAGCGCTCACTAACAATGGTTGTAATTATCTTGTAAAACAG
YPL090C_chr16_378384_377990	YPL090C	chr16	378384	377990	GTATGATTTATGATACTATTATTGAGGGGCAACAGAGAACTTTATATGTGGAAAAATGGCATGAAAGTTTGAAAGTGAGAAAGAACTAAACAGAACCAGACGTCGTAAAGATTTTAGAAATTTTTTATGGAAAGAAGCAGGAAGACTACCATATACTAATTGATGCGTTTGTGGCGTTATTTTTAAACAAACAGAGCGGGTTTACATATACTGTTACTACAAACCGTGAAATTGAAGCAGTTCATATACTTGGAGTATAGTCAATAAAAGACAAGCTTTTTCATCTTCCACTTAATAATTTCTCTAGAGTAATAAACTTCACCCTATTCAAACATTAATTTTGCAATAGTATACTAACAAATTTTCTTAATAACCTGTTGAAAATTTAAAATAG
YPL109C_chr16_345595_345443	YPL109C	chr16	345595	345443	GTTCGTATTTTACGCATGGATTAACGGTTTTAAAGAATAACATCAATTTTTTAAAACCCTTTTCTATTGCTTTTTTTTGCTTTTTATTGCTACTAAAGAAATTCTTTTACTAACAAAAATACCCACATCTTGTAACTTCTCTTCGTAAACAG
YPL129W_chr16_305305_305410	YPL129W	chr16	305305	305410	GTATGTTCGTTAATCTCTTTTAGCCACCCACCCATATGCTTTTTGTTTTGTTAGCTAAAATAATACTAACTTACGACTCTATTCTCATCATTAAATAACCAACAG
YPL143W_chr16_282139_282664	YPL143W	chr16	282139	282664	GTATGTTAAAACTGATGACGAGAAGACATTAAAAATATTTTGTGCTAGTAATTTGGAATTTTCAAGTGAAACGTTGATAATAAAGGAAAAAGCGACTTCAGAAAAGCTACCAGATCATATACGTGGTGACTAAAATGTGCAAGAATATAGAAAGTGTAAGATGAATGCAAAACTCAGATTTAACACCAGACAGCTAAAGGGTCCAAGTAGAACAAATCAAGTATACCAGAACTATATCTAAGTTTTATCTTTATAATAAAAGAGTCTACTATCGTTTCTGGGTAACTTATAAAATAATTTGCAGTATCGAAATTTACGAGATCACATTTACCATCGATATCCAATTTGACTGTTAAAAGCTCTAAATTATGGCATTCTTCGACAATGGAGAAGCCTAAGCTTGATGATGAAGTCGCATAACTCTTCGATAATACAGAATTTGCTAGCTCAATAATAACCACCATCTAAGATGATCATTAAATACTAACATTTTGTTTTGGGATTTTATTCCTTTTTTTTTTTTAG
YPL175W_chr16_218645_218745	YPL175W	chr16	218645	218745	GTATGTCTAGCTCACAGCATGTGTTCCAAATACATTAAAGAAGATCTCTTTTGTTGTTGATACTAACCAGTAAAGTTGAGAGTTATAACAATGAAAATAG
YPL198W_chr16_173161_173570	YPL198W	chr16	173161	173570	GTATGTCAAAAACTACAAATACGACCTTATTTGGTAACTAGTTTGTTGTCGGTTACATCTGAATTTGAAGTACCCAAATTGATAATACTTCAGGAAAAGTTAACGCACATTCAAAACGTGTTTTTTTACAATAACCTATGGTGATCGAACCTAATTATAAAAAGAAGCACTTGAAGTAGTTTATCTTCTTCAAGTACCTTTCGTAGGGGATTTTCATTTTTAATGAACAAAGGCATTGTTTGTTAGTATCTATTACTTGTAATACACCGATAATTTCATTGATAGATATTTCCAGCATGTCTCTGCATCTCCCTTCCATCGAATGAAAAGTGGTGTTTTCAATTCGATGTAACTGAATCTTTGTTCTTAATATGACTTCTTTGCTAACATTTTTTTCATTTTTGAATAG
YPL198W_chr16_173664_174071	YPL198W	chr16	173664	174071	GTATGTTCATTTACCATGTTTGAAAGATATTATATCATTCCTTTTACAGTGAGTTCACAAAAATATAATACTTTGTTAAAGAGATCTTTTCTCGGTTTTACATTTCCTTGGCATTTGTTAGTCGCGAACAATTTTCACTTTTTGCAACGTTTTTTTTCTTTCTTAATGATGAAAACTATTCCTTATTCTCGACTAGTCTTTGACAATGCTGTCGTTTAATCACCATCTTTCGGCTGACTAGTAAAGAAAATGCAAGAGTGAGAATATGCCAAGAATCTGCAAGATTGAGTTAAGTTTTCTTAGAAAGTTTTATCGTGCATATTTTTCACTAAATTGGAATGACGTTAAAACCAAAAGTACTGATCTTACTAACATTAATCAAAAATTCTTGATGAATATTATTTTAG
YPL218W_chr16_138724_138863	YPL218W	chr16	138724	138863	GTATGTTATCACCCTGTTCACGTTTTTCGGATACTTAGTTTTATTCAATGTGGTAAACATTGAATGTTTTCAGCTTAAGATCTATTTTTTTTTTTCTAGAAGAAATTGCGTCCTTTACTAACTTTATTTTACTGTACAG
YPL230W_chr16_115218_115293	YPL230W	chr16	115218	115293	GTATGTAAAGAAAAAATCTGGAGCGACTTACTGGCTTAGCTTTTTTTACTAACACATAAATAATACTGTGATAAG
YPL241C_chr16_96233_96153	YPL241C	chr16	96233	96153	GTATGTTGAAACTCATCTGCTTTCATTATGCGTCCAACTAATTAACATTGCATATTTTCGTATACTATTTTTTTGTGTAG
YPL249C-A_chr16_76223_75985	YPL249C-A	chr16	76223	75985	GTATGTTTACCTGAACTAATGAACTGTAGAGCAAAAGCAAAATGAACTGAACCACTAAGCCAACAACAGAAATACAAACAGGATGAGATTAAGCTCCAGAGATATGCAAACATCGTTTATATCCTGCACCCAGCGTTGCAGTACTCCGTGGAGTCTTTGTTTATTTATTTTGCTCGTATACTACGTGAGTACTAGTGTGCTTGTTACTAACATAAGATATTCTATTTTTTTCCTCTAG
YPR028W_chr16_623572_623705	YPR028W	chr16	623572	623705	GTATGTAAGATGGTTTTATTGGTTCCATCGTCATCATGGTTCAAACAGCCAAATGACCCGACACACGTAACCGAAGCAGTTATACTAACAAGAAAGCTAATTTTCACCCTCCTTGCTACATTTTTTTCTACAG
YPR043W_chr16_654162_654565	YPR043W	chr16	654162	654565	GTATGATATATTACGCACACGATTTACCGTTTGCTTGGAGGAGTAGTGTTTCGTGATGAAATAGACTGATATAGACAGAATTCCACAGACTTTTACGATATAAAGGGAAAAACATGAAGTTGAACACCATATCTCAAATGAATAGGATCACTGTAATTCGATAGGGTACAATTATGTGAAATGTCTGCTTTATGGGAACTTTCATTCATATACCTGAAGGTGGCAAACTAGTCTTACGAAACTGTTCAGTGCAGAGATAGAATTTTGTGGAGATGCATATAGGGAAACAAAGTGGAATTTATGCTTGTATAATCACCAATTCGAAACACTAAACCTCGACCTATTTAGAATTTCCTTCAAGATTTACTAACATATTTTGATATTTTTTCTTTTTTGAATACAG
YPR063C_chr16_678274_678188	YPR063C	chr16	678274	678188	GTATGTTTTTCACCGACAATTTTCTTTCAAATTTGCTGATATTGCCAATATATACTAACAGTTCAACCGCTCCCTTTCTACCACAG
YPR098C_chr16_729477_729381	YPR098C	chr16	729477	729381	GTATGTACAGATTAAGACACAAGAAAAAATTTGAACAATTATGATTAATTGAGAATAACTGACTAACAACTTTTATGTACCAACTTAATCTTTCAG
YPR132W_chr16_795023_795388	YPR132W	chr16	795023	795388	GTATGTACAATTATAGAAGATTGCACTATGGTTGAAAGATTTTCATAATAAGTAGAAGAAAGGATCGGCCATTGCTACCATGAAATGAGTTGGAAGCTTGAAAAAGTAAGGGAGAATAATTTTGCAAGAAACTAGGGTAGGGCTACTTAATTTATTATAGCCATTTGAATTCATCAGCTTTTAGGAGGAGAAAGGCCATTTTGCGAATTTTGAATAAGAAAGTCCACAAGTGATGAAACTGAAAATCTACAATGAATTTCTGCCATCTCAGATAATGAATTCACTACGAGAACCTCATTTACTAACAAATTTATTAATCTTTTTGATGAAACTATGTTTTGTCAAAAGTTAATCGTTTAAAACAG
YPR170W-B_chr16_883381_883480	YPR170W-B	chr16	883381	883480	GTATGTTATATTTTCTTATTTATTTCGCCGTTACCCATTTACCATCTCTTATATCTCTCCTCCTTACTAACAATTATATTTTAACCCTATTGTTTATAG
YPR187W_chr16_911270_911346	YPR187W	chr16	911270	911346	GTATGTGCATTCATATTGGAGAAATTGCGTGCTTTAGTTTTAATTATATTTACTAACTTCTATCATTGTGATACAG
YLR329W_chr12_786615_786712	YLR329W	chr12	786615	786712	GTATGTTTCTCCTAGCAAAATTAAAACCCATCCGTGAATGAAGCGTTACTAACTATAATAACTGGTAGCTTTGTCACTCGTACCAGGAAAAGTGAAG
YPR153W_chr16_833687_833821	YPR153W	chr16	833687	833821	GTATGTTATTCATTACCAAGACTATATCCGCCACGGCTGGATGCAGGCATCGCTCCCTGTGGCTTAAGAAAATAATAGGCACAAAACTAACAATAAAAACATCCACTACTCTGTCGCATGTTCCCTGTGCTCAG
YNL066W_chr14_501153_501499	YNL066W	chr14	501153	501499	GTATGTTTAATTTAATGATAAGACCTTTCATGTTACTATATTTTGAGTTTGCAAATTATTCCACTGATTACGAAATTGCTGTGCTTTTTTCGCTTCGGTGCATCGTCATTTTTCGAGAATAAAGCAAATTTTTACATGCCCGTTATTTTTCCGTGCACAACTTCTTTTTGGCTTTTTTGGCCGTCGGATTTACGGCGCGAAAATAAGTTTCTGACTTCTCGAGATATAGCCATTGTAGAAACTAAAACAATATTGATTGATTCAATTAGCACTAATCTTAGAAAATTTGCAATCCTACTCTTTTCGCAATGATTTTATTTACTAACCCATCCCAAATTTATTTTAG
YBR089C-A_chr2_426829_426472	YBR089C-A	chr2	426829	426472	GTATGTAAGGCGCTGGGTGAGCCCAGCGGACGAGGATGGGCTTAATAAGAACGTACAGTTTAGCACAGCTAGAACAGGATACAGCTAAGGGCAACTCTGCTTTTCGGGAGAAGTTAAAGAGGGGTAGACAATGATGGTAATCTTATAAACCGGCTACAATGAAGGTTGTAGCAGCAAGGAAGATGATATTTTAATACGGTTCAGGTGAAATGAAATAGCCGCCCATAACGGCATGCTCAAGTTGTAAGTCAGGACTCTAGCTTTCTACTGTAGTATCCTCTAAAGGACTGCTGTTCTGTGCACCCCCTTCCTTTGTTTATCATAGCGCACGACAAGAGTACTAACTAATTAACTTAG
YBR089C-A_chr2_426829_426449	YBR089C-A	chr2	426829	426449	GTATGTAAGGCGCTGGGTGAGCCCAGCGGACGAGGATGGGCTTAATAAGAACGTACAGTTTAGCACAGCTAGAACAGGATACAGCTAAGGGCAACTCTGCTTTTCGGGAGAAGTTAAAGAGGGGTAGACAATGATGGTAATCTTATAAACCGGCTACAATGAAGGTTGTAGCAGCAAGGAAGATGATATTTTAATACGGTTCAGGTGAAATGAAATAGCCGCCCATAACGGCATGCTCAAGTTGTAAGTCAGGACTCTAGCTTTCTACTGTAGTATCCTCTAAAGGACTGCTGTTCTGTGCACCCCCTTCCTTTGTTTATCATAGCGCACGACAAGAGTACTAACTAATTAACTTAGAACATTAACATATATAAAACTAG
YCL012C_chr3_101695_101630	YCL012C	chr3	101695	101630	GTAGTATATTTAAGCATTTGAAAATGCAAAGTGCAAACCGTATCAAATACTAACAGCTGTAATAG
YHR076W_chr8_251156_251249	YHR076W	chr8	251156	251249	GTATGTTTATTGTTTTATTCATTGGTGTGCTAATTGCTAAATTTGCGGGACAAATGCTAATCGACTCAGAGACTAACTTTTCTCATATCATAG
YKL150W_chr11_166400_166488	YKL150W	chr11	166400	166488	GTACGTATATAAGAATGCAGTTTGCTCGCAATGCCCGCTTGTGTTAAGTACTCTTACCTTTTCCCTCAATACTAACGTTTTGAAGCAG
YKR005C_chr11_449658_449589	YKR005C	chr11	449658	449589	GTATGTACAACAAATTTACCGAGGTACTAATATTCTCTAGATTTTATTACTGACAAGATCCATGTGAAG
YPR010C-A_chr16_582696_582553	YPR010C-A	chr16	582696	582553	GTATGTTAAGGGATATTTTCTTTTTATTGTGACAAACGGATAATCATGCGTTCATTCTGACTTGATGCTTTCTAAGAAAACAATTATGTTGATTATGAATGCTAACTACAAGATTATAGAGTATTATACTAACAAAAAACTAG
PRP5_chr2_691922_692088	YBR237W	chr2	691922	692088	GTATGGAAACTATTGATTCGAAGCAAAATATTAATAGGGAGTCTTTATTGGAGGAAAGGAGGAAAAAACTAGCAAAATGGAAACAAAAAAAAGCACAATTTGATGCTCAGAAAGAGCATCAAACTTCACGCAATGACATTGTTACTAACAGTTTAGAAGGTAAGCAG
